abaypharma.com.tr,abaypharma.com
abpharm.net,abpharm.it
agaton.info,agaton.ai
agipsfarmaceutici.it,agips.it
alchemy.it,alchemy.it
algpharma.pl,algpharma.pl
algpharma.pl,algpharma.pl
aliveda.com,aliveda.com
alivira.co.in,alivira.fr
alivira.co.in,alivira.com.tr
alpenpharma-bulgaria.bg,alpenpharma.com
alpha-robotics.de,alpha-robotics.de
alvionpharma.com,alvionpharma.com
anserisfarma.it,anserisfarma.com
aorahealth.com,aorahealth.com
apipharma.com,apipharma.hr
apipharma.com,apipharma.hr
aqara.com,aqara.com
aqma.it,aqma.it
aristo-pharma.pl,aristo-pharma.pl
aristo-pharma.pl,aristo-pharma.pl
aveine.com,aveine.com
aveine.com,aveine.paris
aveine.com,aveine.paris
azentis.eu,azentis.eu
bacon.com.ar,bacon.com.ar
bago.com.br,bago.com.br
bago.com.br,bago.com.br
biofarm.pl,biofarm.pl
biofarm.pl,biofarm.pl
biofarm.pl,biofarm.pl
biogenera.com,biogenera.com
biogenera.com,biogenera.com
biokosmos.gr,biokosmos.eu
biosidus.com.ar,biosidus.com.ar
biosidus.com.ar,biosidus.com.ar
biosidus.com.ar,biosidus.com.ar
biosphaerapharma.it,biosphaerapharma.it
bluepharmagroup.com,bluepharmagroup.com
bluepharmagroup.com,bluepharmagroup.com
bluepharmagroup.com,bluepharmagroup.com
boiron.com.br,boiron.com.br
boiron.cz,boiron.cz
boiron.pt,boiron.pt
chiesi.com.br,chiesi.com
citpharma.com,citpharma.com
corman.it,corman.it
corman.it,corman.it
corman.it,corman.it
corman.it,corman.it
coroflo.com,coroflo.com
coroflo.com,coroflo.com
cpgolden.it,cpgolden.it
crosspharma.gr,crosspharma.gr
danhson.bg,danhson.bg
danhson.bg,danhson.com
decomed.pt,decomed.pt
delosmedica.ro,delosmedica.ro
dermofit.com.br,dermofit.com.br
diaco.it,diaco.it
diaco.it,diaco.it
diffucap.com.br,diffucap.com.br
dmffoodar.it,foodar.it
docpharma.com,docpharma.com
docpharma.com,docpharma.com
docpharma.gr,docpharma.gr
doppel.it,doppel.it
drogsan.com.tr,drogsan.com.tr
drogsan.com.tr,drogsan.com.tr
dulacfarmaceutici.com,dulacfarmaceutici.com
edol.pt,edol.pt
edol.pt,edol.pt
erapharma.com.tr,erapharma.com.tr
esapharma.com,esapharma.com
esapharma.com,esapharma.com
eubioco.eu,eubioco.eu
eubioco.eu,eubioco.eu
euticals.com,capsoln.com
faesfarma.pt,faesfarma.pt
faesfarma.pt,faesfarma.pt
faesfarma.pt,faesfarma.pt
fagron.es,fagron.es
farma-tek.com,farma-tek.com
farmaciaeficacia.com.br,farmaciaeficacia.com.br
farmakinternational.pl,symphar.com
farmoterapica.com.br,farmoterapica.com.br
farmoterapica.com.br,emede.com.br
fhcthefutureofhealthcare.pt,fhc.pt
fhcthefutureofhealthcare.pt,fhc.pt
fisiopharma.com,fisiopharma.com
friulchem.com,friulchem.com
fulton.it,fulton.it
fulton.it,fulton.it
galenicumvitae.com,galenicum.com
generis.pt,generis.pt
generis.pt,generis.pt
generis.pt,generis.pt
gensenta.com.tr,gensenta.com.tr
geopharma.eu,geopharma.eu
gethorizon.net,gethorizon.net
giulianipharma.com,giulianipharma.com
giulianipharma.com,giulianipharma.com
globalpharma.pl,globalpharma.pl
globalpharma.pl,globalpharma.pl
go-europe.com,go-europe.com
grindeks.com,grindeks.com
grindeks.com,grindeks.com
grindeks.com,grindeks.lv
grindeks.com,grindeks.lv
grindeks.com,grindeks.lv
grupoazevedos.com,azevedos-sa.pt
gunesliasi.com.tr,gunesliasi.com.tr
hama-karriere.de,hama.de
hama-karriere.de,hama.de
hama-karriere.de,hama.de
hammer-ac.de,hammer-ac.de
hammer-ac.de,hammer-ac.de
hartington.org,hartington.org
hartington.org,hartington.org
healthmeds.com.br,hmeds.com.br
healthmeds.com.br,hmeds.com.br
hedgehogdryer.com,hedgehogdryer.com
hedgehogdryer.com,hedgehogdryer.com
help.com.gr,help.com.gr
hlcaps.com.br,hlcaps.com.br
icrom.com,icrom.com
icrom.com,icrom.com
imsapharma.com.ar,massone.com
inobio.com,ruvera.lt
inobio.com,ruvera.lt
interpharma.es,interpharma.es
intraline.com.tr,intraline.com.tr
jgl.eu,jglpharma.com
jgl.eu,jgl.hr
jgl.eu,jglpharma.com
jgl.eu,jgl.hr
jgl.eu,jglpharma.com
kalceks.lv,kalceks.lv
kalceks.lv,kalceks.lv
kamada.com,kamada.com
kamada.com,kamada.com
kamada.com,kamada.com
kamada.com,kamada.com
kamada.com,kamada.com
kamada.com,kamada.com
kemexlab.com,kemexlab.com
keymen.com.tr,keymen.com.tr
kuzeypharma.com,kuzeypharma.com
kuzeypharma.com,kuzeypharma.com
labdominguez.com.ar,labdominguez.com.ar
labialfarma.com,labialfarma.com
labialfarma.com,labialfarma.com
labialfarma.com,labialfarma.com
labochem.gr,labochem.gr
laboratoriolcn.com,laboratoriolcn.com
laborvida.com.br,laborvida.com.br
lapon.com.br,lapon.com.br
latinapharma.com,pharmalatina.com
lavipharm.com,lavipharm.com
lavipharm.com,lavipharm.com
lavipharm.com,lavipharm.com
lavipharm.com,lavipharm.com
lebonfarma.com.br,lebonfarma.com.br
lebonfarma.com.br,laboratoriolebon.com.br
legrandpharma.com.br,legrandpharma.com.br
lekam.pl,lekam.pl
lekam.pl,lekam.pl
levantefarma.it,levantefarma.it
levantefarma.it,levantefarma.it
levantefarma.it,levantefarma.it
lexano.eu,lexano.lt
lifewell.pt,lifewell.pt
lilly.gr,lilly.com
lisapharma.it,lisapharma.it
logofarma.com,logofarma.com
lolipharma.it,lolipharma.it
lvirens.com,lvirens.com
mapi-pharma.com,mapi-pharma.com
mapi-pharma.com,mapi-pharma.com
mastelli.com,mastelli.it
maylapharma.com,mayla.es
medicure.com.tr,medicure.com.tr
medinfar.pt,medinfar.pt
medinfar.pt,medinfar.pt
medinfar.pt,medinfar.pt
medivis.it,medivis.it
mediwound.com,mediwound.com
mediwound.com,mediwound.com
mediwound.com,mediwound.com
mediwound.com,mediwound.com
mistav.com.tr,mistav.com.tr
mistav.com.tr,mistav.com.tr
monrol.com,monrol.com
mypharma.pt,mypharma.pt
naturalbradel.com,naturalbradel.com
naturederme.com.br,naturederme.com.br
neogen.it,neogen.it
neogen.it,neogen.it
neopharm.bg,neopharm.bg
nerpharma.com,nerpharma.com
newchemspa.com,newchemspa.it
newchemspa.com,newchemspa.it
newchemspa.com,newchemspa.it
noosit.com,noosit.com
nordicpharma.es,nordicpharma.com
nortecquimica.com.br,nortecquimica.com.br
nortecquimica.com.br,nortecquimica.com.br
nortecquimica.com.br,nortecquimica.com.br
novaargentia.it,novaargentia.it
nutropharma.pl,nutropharma.pl
offhealth.it,offhealth.it
offhealth.it,offhealth.it
oleofarm.pl,oleofarm.com
oleofarm.pl,oleofarm.pl
olimp-labs.pl,olimp-labs.com
olimp-labs.pl,olimp-labs.com
olpha.eu,olainfarm.lv
olpha.eu,olainfarm.com
olpha.eu,olainfarm.lv
ona-pharm.cz,onapharm.cz
panaxia.co.il,panaxia.co.il
pharmaestica.ee,pharmaestica.ee
pharmaestica.ee,pharmaestica.ee
pharmaestica.ee,pharmaestica.ee
pharmaestica.ee,pharmaestica.ee
pharmasolutions-int.com,pharmasolutions-int.com
pharmasolutions-int.com,pharmasolutions.cz
pharmasuisse.it,pharmasuisse.it
pharmasuisse.it,pharmasuisse.it
pharmavision.com.tr,pvi.ro
pharmavision.com.tr,pharmavision.com.tr
pharmextracta.com,pharmextracta.com
piamfarmaceutici.com,piamfarmaceutici.com
piamfarmaceutici.com,piamfarmaceutici.com
plantextrakt.ro,plantextrakt.ro
pnkfarmaceutici.com,pnkfarmaceutici.com
polfarmex.pl,polfarmex.pl
polfarmex.pl,polfarmex.pl
polycrystalline.it,polycrystalline.it
procarehealth.com,procarehealth.com
procarehealth.com,procarehealth.com
procarehealth.com,procarehealth.com
procarehealth.com,procarehealth.com
progefarm.it,progefarm.it
rafa.co.il,rafa.co.il
rafa.co.il,rafa.co.il
rafa.co.il,rafa.co.il
rafarmgroup.gr,rafarm.gr
recordati.pl,recordati.pl
rekah.co.il,vitamed.co.il
rekah.co.il,rekah.co.il
remedica.eu,remedica.com.cy
remedica.eu,remedica.com.cy
richtergedeon.cz,richtergedeon.cz
rossmore.us,rossmore.us
sakuraitalia.it,sakuraitalia.it
salix.it,salix.it
sanatatelatineacasa.ro,queisser.ro
saneca.com,saneca.com
sani.com.ar,labyes.com
sanliilac.com.tr,sanliilac.com.tr
scharper.it,scharper.it
scharper.it,scharper.it
schwabe.it,schwabe.it
servier.com.ar,servier.com
sirton.it,sirton.it
sitpharma.com,sit-farmaceutici.com
sitpharma.com,sit-farmaceutici.com
smartfarma.it,smartfarma.it
spafarma.com,spafarma.com
spectropharma.com,spectropharma.com
spectropharma.com,spectropharma.com
srfarmaceutici.it,srfarmaceutici.com
srfarmaceutici.it,srfarmaceutici.com
starpharma.pl,starpharma.pl
steroid.it,steroid.it
steroid.it,steroid.it
steroid.it,steroid.it
steroid.it,steroid.it
suanfarma.com,suanfarma.com
suanfarma.com,suanfarma.com
suanfarma.com,suanfarma.com
suanfarma.com,suanfarma.com
sunfarm.pl,sunfarm.pl
sunled.health,sunled.health
sunled.health,sunled.health
syntexar.com,syntexar.com
tactica.pl,tactica.pl
temislostalo.com.ar,temislostalo.com.ar
trifarma.it,trifarma.it
trifarma.it,trifarma.it
truffini.it,truffini.it
turkilac.com.tr,turkilac.com.tr
tuteurgroup.com,tuteur.com.ar
tuteurgroup.com,tuteur.com.ar
unipharm.global,unipharm.co.il
unipharm.global,unipharm.co.il
unipharm.global,unipharm.co.il
usp.bg,usp.pl
uspbaltics.com,uspbaltics.com
valeofarma.it,valeofarma.it
valeofarma.it,valeofarma.it
varifarma.com,varifarma.com.ar
varifarma.com,varifarma.com.ar
vuab.cz,vuab.cz
vuab.cz,vuab.cz
winmedica.gr,winmedica.gr
winmedica.gr,winmedica.gr
winmedica.gr,winmedica.gr
winmedica.gr,winmedica.gr
zentiva.pl,zentiva.com