abaypharma.com.tr,abaypharma.com,One of websites is dead
abpharm.net,abpharm.it,One of websites is dead
agipsfarmaceutici.it,agips.it,Matched with redirect
alchemy.it,alchemy.it,Matched
algpharma.pl,algpharma.pl,Matched
algpharma.pl,algpharma.pl,Matched
aliveda.com,aliveda.com,Matched
alivira.co.in,alivira.fr,One of websites is dead
alivira.co.in,alivira.com.tr,One of websites is dead
alpha-robotics.de,alpha-robotics.de,Matched
alvionpharma.com,alvionpharma.com,Matched
aorahealth.com,aorahealth.com,Matched
aqara.com,aqara.com,Matched
aqma.it,aqma.it,Matched
aristo-pharma.pl,aristo-pharma.pl,Matched
aristo-pharma.pl,aristo-pharma.pl,Matched
aveine.com,aveine.com,Matched
aveine.com,aveine.paris,Matched with redirect
aveine.com,aveine.paris,Matched with redirect
azentis.eu,azentis.eu,Matched
bacon.com.ar,bacon.com.ar,Matched
bago.com.br,bago.com.br,Matched
bago.com.br,bago.com.br,Matched
biofarm.pl,biofarm.pl,Matched
biofarm.pl,biofarm.pl,Matched
biofarm.pl,biofarm.pl,Matched
biogenera.com,biogenera.com,Matched
biogenera.com,biogenera.com,Matched
biokosmos.gr,biokosmos.eu,Matched with redirect
biosidus.com.ar,biosidus.com.ar,Matched
biosidus.com.ar,biosidus.com.ar,Matched
biosidus.com.ar,biosidus.com.ar,Matched
biosphaerapharma.it,biosphaerapharma.it,Matched
bluepharmagroup.com,bluepharmagroup.com,Matched
bluepharmagroup.com,bluepharmagroup.com,Matched
bluepharmagroup.com,bluepharmagroup.com,Matched
boiron.com.br,boiron.com.br,Matched
boiron.cz,boiron.cz,Matched
boiron.pt,boiron.pt,Matched
citpharma.com,citpharma.com,Matched
corman.it,corman.it,Matched
corman.it,corman.it,Matched
corman.it,corman.it,Matched
corman.it,corman.it,Matched
coroflo.com,coroflo.com,Matched
coroflo.com,coroflo.com,Matched
cpgolden.it,cpgolden.it,Matched
crosspharma.gr,crosspharma.gr,Matched
danhson.bg,danhson.bg,Matched
danhson.bg,danhson.com,Matched with redirect
decomed.pt,decomed.pt,Matched
delosmedica.ro,delosmedica.ro,Matched
dermofit.com.br,dermofit.com.br,Matched
diaco.it,diaco.it,Matched
diaco.it,diaco.it,Matched
diffucap.com.br,diffucap.com.br,Matched
dmffoodar.it,foodar.it,One of websites is dead
docpharma.com,docpharma.com,Matched
docpharma.com,docpharma.com,Matched
docpharma.gr,docpharma.gr,Matched
doppel.it,doppel.it,Matched
drogsan.com.tr,drogsan.com.tr,Matched
drogsan.com.tr,drogsan.com.tr,Matched
dulacfarmaceutici.com,dulacfarmaceutici.com,Matched
edol.pt,edol.pt,Matched
edol.pt,edol.pt,Matched
erapharma.com.tr,erapharma.com.tr,Matched
esapharma.com,esapharma.com,Matched
esapharma.com,esapharma.com,Matched
eubioco.eu,eubioco.eu,Matched
eubioco.eu,eubioco.eu,Matched
faesfarma.pt,faesfarma.pt,Matched
faesfarma.pt,faesfarma.pt,Matched
faesfarma.pt,faesfarma.pt,Matched
fagron.es,fagron.es,Matched
farma-tek.com,farma-tek.com,Matched
farmaciaeficacia.com.br,farmaciaeficacia.com.br,Matched
farmakinternational.pl,symphar.com,One of websites is dead
farmoterapica.com.br,farmoterapica.com.br,Matched
fisiopharma.com,fisiopharma.com,Matched
friulchem.com,friulchem.com,Matched
fulton.it,fulton.it,Matched
fulton.it,fulton.it,Matched
galenicumvitae.com,galenicum.com,One of websites is dead
generis.pt,generis.pt,Matched
generis.pt,generis.pt,Matched
generis.pt,generis.pt,Matched
gensenta.com.tr,gensenta.com.tr,Matched
geopharma.eu,geopharma.eu,Matched
gethorizon.net,gethorizon.net,Matched
giulianipharma.com,giulianipharma.com,Matched
giulianipharma.com,giulianipharma.com,Matched
globalpharma.pl,globalpharma.pl,Matched
globalpharma.pl,globalpharma.pl,Matched
go-europe.com,go-europe.com,Matched
grindeks.com,grindeks.com,Matched
grindeks.com,grindeks.com,Matched
grupoazevedos.com,azevedos-sa.pt,One of websites is dead
gunesliasi.com.tr,gunesliasi.com.tr,Matched
hammer-ac.de,hammer-ac.de,Matched
hammer-ac.de,hammer-ac.de,Matched
hartington.org,hartington.org,Matched
hartington.org,hartington.org,Matched
healthmeds.com.br,hmeds.com.br,One of websites is dead
healthmeds.com.br,hmeds.com.br,One of websites is dead
hedgehogdryer.com,hedgehogdryer.com,Matched
hedgehogdryer.com,hedgehogdryer.com,Matched
help.com.gr,help.com.gr,Matched
hlcaps.com.br,hlcaps.com.br,Matched
icrom.com,icrom.com,Matched
icrom.com,icrom.com,Matched
imsapharma.com.ar,massone.com,One of websites is dead
interpharma.es,interpharma.es,Matched
intraline.com.tr,intraline.com.tr,Matched
jgl.eu,jglpharma.com,Matched with redirect
jgl.eu,jglpharma.com,Matched with redirect
jgl.eu,jglpharma.com,Matched with redirect
kalceks.lv,kalceks.lv,Matched
kalceks.lv,kalceks.lv,Matched
kamada.com,kamada.com,Matched
kamada.com,kamada.com,Matched
kamada.com,kamada.com,Matched
kamada.com,kamada.com,Matched
kamada.com,kamada.com,Matched
kamada.com,kamada.com,Matched
kemexlab.com,kemexlab.com,Matched
keymen.com.tr,keymen.com.tr,Matched
kuzeypharma.com,kuzeypharma.com,Matched
kuzeypharma.com,kuzeypharma.com,Matched
labdominguez.com.ar,labdominguez.com.ar,Matched
labialfarma.com,labialfarma.com,Matched
labialfarma.com,labialfarma.com,Matched
labialfarma.com,labialfarma.com,Matched
labochem.gr,labochem.gr,Matched
laboratoriolcn.com,laboratoriolcn.com,Matched
laborvida.com.br,laborvida.com.br,Matched
lapon.com.br,lapon.com.br,Matched
latinapharma.com,pharmalatina.com,Matched with redirect
lavipharm.com,lavipharm.com,Matched
lavipharm.com,lavipharm.com,Matched
lavipharm.com,lavipharm.com,Matched
lavipharm.com,lavipharm.com,Matched
lebonfarma.com.br,lebonfarma.com.br,Matched
legrandpharma.com.br,legrandpharma.com.br,Matched
lekam.pl,lekam.pl,Matched
lekam.pl,lekam.pl,Matched
levantefarma.it,levantefarma.it,Matched
levantefarma.it,levantefarma.it,Matched
levantefarma.it,levantefarma.it,Matched
lexano.eu,lexano.lt,Matched with redirect
lifewell.pt,lifewell.pt,Matched
lisapharma.it,lisapharma.it,Matched
logofarma.com,logofarma.com,Matched
lolipharma.it,lolipharma.it,Matched
lvirens.com,lvirens.com,Matched
mapi-pharma.com,mapi-pharma.com,Matched
mapi-pharma.com,mapi-pharma.com,Matched
maylapharma.com,mayla.es,One of websites is dead
medicure.com.tr,medicure.com.tr,Matched
medinfar.pt,medinfar.pt,Matched
medinfar.pt,medinfar.pt,Matched
medinfar.pt,medinfar.pt,Matched
medivis.it,medivis.it,Matched
mediwound.com,mediwound.com,Matched
mediwound.com,mediwound.com,Matched
mediwound.com,mediwound.com,Matched
mediwound.com,mediwound.com,Matched
mistav.com.tr,mistav.com.tr,Matched
mistav.com.tr,mistav.com.tr,Matched
monrol.com,monrol.com,Matched
mypharma.pt,mypharma.pt,Matched
naturalbradel.com,naturalbradel.com,Matched
naturederme.com.br,naturederme.com.br,Matched
neogen.it,neogen.it,Matched
neogen.it,neogen.it,Matched
neopharm.bg,neopharm.bg,Matched
nerpharma.com,nerpharma.com,Matched
noosit.com,noosit.com,Matched
nortecquimica.com.br,nortecquimica.com.br,Matched
nortecquimica.com.br,nortecquimica.com.br,Matched
nortecquimica.com.br,nortecquimica.com.br,Matched
novaargentia.it,novaargentia.it,Matched
nutropharma.pl,nutropharma.pl,Matched
offhealth.it,offhealth.it,Matched
offhealth.it,offhealth.it,Matched
oleofarm.pl,oleofarm.pl,Matched
olimp-labs.pl,olimp-labs.com,One of websites is dead
olimp-labs.pl,olimp-labs.com,One of websites is dead
olpha.eu,olainfarm.lv,Matched with redirect
olpha.eu,olainfarm.com,Matched with redirect
olpha.eu,olainfarm.lv,Matched with redirect
ona-pharm.cz,onapharm.cz,One of websites is dead
panaxia.co.il,panaxia.co.il,Matched
pharmaestica.ee,pharmaestica.ee,Matched
pharmaestica.ee,pharmaestica.ee,Matched
pharmaestica.ee,pharmaestica.ee,Matched
pharmaestica.ee,pharmaestica.ee,Matched
pharmasolutions-int.com,pharmasolutions-int.com,Matched
pharmasolutions-int.com,pharmasolutions.cz,One of websites is dead
pharmasuisse.it,pharmasuisse.it,Matched
pharmasuisse.it,pharmasuisse.it,Matched
pharmavision.com.tr,pharmavision.com.tr,Matched
pharmextracta.com,pharmextracta.com,Matched
piamfarmaceutici.com,piamfarmaceutici.com,Matched
piamfarmaceutici.com,piamfarmaceutici.com,Matched
plantextrakt.ro,plantextrakt.ro,Matched
pnkfarmaceutici.com,pnkfarmaceutici.com,Matched
polfarmex.pl,polfarmex.pl,Matched
polfarmex.pl,polfarmex.pl,Matched
polycrystalline.it,polycrystalline.it,Matched
procarehealth.com,procarehealth.com,Matched
procarehealth.com,procarehealth.com,Matched
procarehealth.com,procarehealth.com,Matched
procarehealth.com,procarehealth.com,Matched
progefarm.it,progefarm.it,Matched
rafa.co.il,rafa.co.il,Matched
rafa.co.il,rafa.co.il,Matched
rafa.co.il,rafa.co.il,Matched
rafarmgroup.gr,rafarm.gr,Matched with redirect
recordati.pl,recordati.pl,Matched
rekah.co.il,vitamed.co.il,One of websites is dead
rekah.co.il,rekah.co.il,Matched
remedica.eu,remedica.com.cy,Matched with redirect
remedica.eu,remedica.com.cy,Matched with redirect
richtergedeon.cz,richtergedeon.cz,Matched
rossmore.us,rossmore.us,Matched
sakuraitalia.it,sakuraitalia.it,Matched
salix.it,salix.it,Matched
saneca.com,saneca.com,Matched
sanliilac.com.tr,sanliilac.com.tr,Matched
scharper.it,scharper.it,Matched
scharper.it,scharper.it,Matched
schwabe.it,schwabe.it,Matched
sirton.it,sirton.it,Matched
smartfarma.it,smartfarma.it,Matched
spafarma.com,spafarma.com,Matched
spectropharma.com,spectropharma.com,Matched
spectropharma.com,spectropharma.com,Matched
starpharma.pl,starpharma.pl,Matched
steroid.it,steroid.it,Matched
steroid.it,steroid.it,Matched
steroid.it,steroid.it,Matched
steroid.it,steroid.it,Matched
suanfarma.com,suanfarma.com,Matched
suanfarma.com,suanfarma.com,Matched
suanfarma.com,suanfarma.com,Matched
suanfarma.com,suanfarma.com,Matched
sunfarm.pl,sunfarm.pl,Matched
sunled.health,sunled.health,Matched
sunled.health,sunled.health,Matched
syntexar.com,syntexar.com,Matched
tactica.pl,tactica.pl,Matched
temislostalo.com.ar,temislostalo.com.ar,Matched
trifarma.it,trifarma.it,Matched
trifarma.it,trifarma.it,Matched
truffini.it,truffini.it,Matched
turkilac.com.tr,turkilac.com.tr,Matched
tuteurgroup.com,tuteur.com.ar,One of websites is dead
tuteurgroup.com,tuteur.com.ar,One of websites is dead
uspbaltics.com,uspbaltics.com,Matched
valeofarma.it,valeofarma.it,Matched
valeofarma.it,valeofarma.it,Matched
vuab.cz,vuab.cz,Matched
vuab.cz,vuab.cz,Matched
winmedica.gr,winmedica.gr,Matched
winmedica.gr,winmedica.gr,Matched
winmedica.gr,winmedica.gr,Matched
winmedica.gr,winmedica.gr,Matched
