Title,Right Title
CEO,CEO
Managing Director,Managing Director
Director / Owner,Owner
CEO,CEO
Managing Director,Managing Director
CEO,CEO
CEO,CEO
"Founder, CEO",CEO
Managing Director,Managing Director
CEO,CEO
CEO,CEO
CEO en Co-founder,CEO
Managing Director,Managing Director
Chief Executive Officer,CEO
Technisch Directeur,Technical Director
Head of Technology,Head of Technology
Algemeen directeur,Managing Director
Co-Founder & CEO,CEO
CEO & Co-Founder,CEO
CEO & Founder,CEO
"CEO, Chief Architect and Founder",CEO
CEO et Fondateur,CEO
"CTO/Co-Founder, Teknisk Systemutvecklare",CTO
Chief Technology Officer,CTO
CEO & Co-Founder,CEO
Chief Technology Officer,CTO
Chief Executive Officer,CEO
Founder & CTO,CTO
Vice President Operations,VP of Operations
Co-CEO & Co-Founder,Co-CEO
General Manager,General Manager
Co-Founder,Co-Founder
Technical Director,Technical Director
Head of Product & Partner,Head of Product
Chief Operating Officer (COO),COO
CTO,CTO
CTO,CTO
Owner,Owner
Co-founder,Co-Founder
General Manager,General Manager
General Manager,General Manager
Co-Founder & Head of Product,Head of Product
CEO,CEO
Product Manager,Product Manager
Chief Executive Officer,CEO
General Manager,General Manager
Head of Operations,Head of Operations
Managing Director,Managing Director
Co-Founder | Managing Director,Managing Director
Product Manager Benelux,Product Manager
Technical Director,Technical Director
Product Manager,Product Manager
Product Manager,Product Manager
CEO/President,CEO
Managing Director,Managing Director
CEO & Co-Founder Dotbase Medical,CEO
Managing Director,Managing Director
COO & Co-Founder,COO
Co-Founder & CEO,CEO
Manging Director,Managing Director
President & CEO,CEO
VP of Engineering and Customer Service,VP of Engineering
Director of Operations,Director of Operations
Vice President Operations,VP of Operations
General Manager,General Manager
VP of Supply Chain Operations & IT,VP of IT
Vice President of Engineering,VP of Engineering
Managing Director,Managing Director
CEO,CEO
Managing Director,Managing Director
"Co-founder, Chief Operating Officer, and Board Member",COO
Head of Engineering,Head of Engineering
Head Of Product,Head of Product
Head Of Technology,Head of Technology
COO,COO
Chief Technology Officer,CTO
CEO,CEO
Co-Founder - CEO,CEO
Product Manager,Product Manager
Co-Owner,Co-Owner
Managing Director,Managing Director
CEO,CEO
CEO,CEO
Chief Executive Officer,CEO
VD/CEO,CEO
Co-Founder & CEO,CEO
Chief Product Officer (CPO),CPO
R&D Director,Director of R&D
Co-Founder & CTO,CTO
Managing Director,Managing Director
Chief Executive Officer,CEO
Product Owner,Product Owner
Managing Director,Managing Director
CEO | United Kingdom,CEO
Proud Estonian Aussie | Founder & CEO,CEO
Founder,Founder
Head of Operations,Head of Operations
Founder/CEO,CEO
Chief Technology Officer (CTO),CTO
Founder and CEO,CEO
Chief Technology Officer,CTO
Vice President and General Manager,General Manager
Head of IT,Head of IT
COO,COO
Senior Vice President Operations,SVP of Operations
Chief Executive Officer,CEO
Chief Executive Officer,CEO
CEO (Founder),CEO
Managing Director,Managing Director
Partner/ Co-founder,Co-Founder
Chief Product Officer,CPO
Product Manager,Product Manager
Director Software Development,Director of Software Development
Product Manager,Product Manager
Product Manager,Product Manager
CTO,CTO
"Founder, CEO",CEO
Co-CEO,Co-CEO
Swift Engineer & Product Manager,Product Manager
Co-Owner,Co-Owner
Founder,Founder
Facilitee.com Founder,Founder
Owner/director,Owner
CEO,CEO
Founder,Founder
"Co-owner, Business rep, Engineering Consultant",Co-Owner
Chief Operating Officer,COO
Operations Director,Director of Operations
Sr. Director of Operations,Sr Director of Operations
"Vice President, Engineering & IT",VP of IT
Cfo/coo,COO
Director of IT and Marketing,Director of IT
CEO,CEO
CTO,CTO
Managing Director,Managing Director
Co-Founder & CTO,CTO
Owner,Owner
Vice President & General Manager of Municipal,General Manager
CEO,CEO
CEO,CEO
CEO,CEO
CEO,CEO
Managing Director,Managing Director
Operations Director (COO),COO
Managing Director,Managing Director
CEO,CEO
CTO,CTO
CEO,CEO
Founder & CEO,CEO
Chief Product Officer,CPO
CEO & Co-Founder,CEO
CEO,CEO
Chief Executive Officer,CEO
"Director, Group IT",Director of IT
Managing Director,Managing Director
Head of Technology,Head of Technology
CEO,CEO
Director of Operations,Director of Operations
Country General Manager,General Manager
CEO and CFO,CEO
Founder and CEO,CEO
CPO & Founding Partner,CPO
Chief Product Officer,CPO
Chief Technology Officer,CTO
CEO,CEO
CTO,CTO
Chief Technology Officer,CTO
Chief Product Officer,CPO
Head of Product,Head of Product
Managing Director Nederland en BelgiÃ«,Managing Director
Chief Product Officer,CPO
Chief Executive Officer,CEO
Head of Product,Head of Product
Product Manager,Product Manager
Head of Product,Head of Product
CEO at T-Therapeutics Ltd,CEO
General Manager Nordics,General Manager
Head of Revenue Operations,Head of Revenue
General Manager,General Manager
Head of Operations & Customer Success,Head of Operations
Chief Executive Officer & Chairman,CEO
Co-Founder and CEO,CEO
COO,COO
CCO & COO,COO
Chief Executive Officer,CEO
CEO Let's Talk B.V.,CEO
CEO,CEO
Managing Director | Co-Founder,Managing Director
CEO,CEO
Head of Product Management,Head of Product Management
Product Owner,Product Owner
Technical Director,Technical Director
CEO,CEO
Managing Director,Managing Director
Co-Founder & COO,COO
CTO & Co-Founder,CTO
CEO,CEO
Co-founder,Co-Founder
CEO,CEO
"Owner, CTO",CTO
Founder & CEO,CEO
Managing Director,Managing Director
CEO,CEO
CEO,CEO
Product Owner Plenion DMS,Product Owner
Chief Executive Officer a.i.,CEO
Head of Operations,Head of Operations
Founder & CEO,CEO
CEO and Founder,CEO
CEO @Co-Founder,CEO
CEO,CEO
Co-founder & CEO,CEO
Co-Founder & Head of Engineering,Head of Engineering
Owner,Owner
CTO,CTO
General Manager,General Manager
Owner,Owner
Co-Founder,Co-Founder
CEO,CEO
Director Software Engineering,Director of Software Engineering
CEO,CEO
Co-founder & CEO,CEO
Chief Executive Officer at BroadShield and CareShield,CEO
Co-Founder and CEO,CEO
COO,COO
CEO,CEO
Managing Director,Managing Director
Co-Founder,Co-Founder
Founder & CEO,CEO
Product manager,Product Manager
CPO,CPO
Managing Director,Managing Director
COO,COO
Managing Director,Managing Director
Head of Software Development & Engineering,Head of Software Development
CEO & Founder,CEO
CEO,CEO
Founder & CEO,CEO
Co-CEO,Co-CEO
Managing Owner,Owner
CEO,CEO
Chef de Projet / Product Owner,Product Owner
Chief Executive Officer,CEO
Product Owner eSeason PMS,Product Owner
Product Owner,Product Owner
CEO & Founder,CEO
Managing Director,Managing Director
Group Head of Operations,Head of Operations
Chief Technology Officer,CTO
Co-Founder,Co-Founder
Founding Director / CTO,CTO
General Manager,General Manager
CEO,CEO
Chief Executive Officer,CEO
Chief Operating Officer,COO
Co-founder and CEO,CEO
Vice President Operations,VP of Operations
CEO & Co-Founder,CEO
Product Manager,Product Manager
CTO,CTO
CEO & Founder,CEO
Head of Technology,Head of Technology
CTO & Co-founder,CTO
Chief Technology Officer,CTO
Director of IT,Director of IT
Operations Director,Director of Operations
Co-Founder,Co-Founder
Co-Founder,Co-Founder
Owner,Owner
Chief Executive Officer,CEO
Technical Director,Technical Director
Operational Director,Director of Operations
Head of Operations,Head of Operations
Co-Founder & CTO,CTO
CEO & Founder,CEO
Process Mining Specialist and Co-Founder,Co-Founder
Chief Technology Officer,CTO
Chief Operating Officer,COO
CEO & Managing Partner,CEO
Chief Product Officer,CPO
Chief Product Officer,CPO
Managing Director,Managing Director
Co Owner,Co-Owner
Managing Director,Managing Director
Product Owner,Product Owner
COO,COO
Technical Director,Technical Director
CPO,CPO
Product Owner,Product Owner
CTO,CTO
CEO,CEO
General Manager - PBX Hosting,General Manager
Founder - COO/CIO,COO
CEO,CEO
Co-Founder,Co-Founder
CEO,CEO
CEO,CEO
Managing Director,Managing Director
Managing Director Benelux Area,Managing Director
Co-Founder and CEO,CEO
CEO,CEO
Managing Director - CEO | Founder,CEO
CEO,CEO
Product Manager,Product Manager
CEO,CEO
Founder and CEO,CEO
COO,COO
CTO,CTO
Product Manager,Product Manager
CEO,CEO
CTO,CTO
Chief Operating Officer,COO
CEO,CEO
Founder,Founder
CEO,CEO
General Manager,General Manager
Regional Head/Managing Director Austria,Managing Director
"Group CEO, Director, Owner",CEO
Head of Engineering,Head of Engineering
CEO & Co-founder,CEO
Commercial Director / Co-Founder,Co-Founder
CEO and Owner,CEO
Head of Engineering,Head of Engineering
Head of Technology,Head of Technology
Co-Founder,Co-Founder
CEO & Founder,CEO
CTO,CTO
Chief Product & Technology Officer,CPTO
Managing Director / President - US,Managing Director
Chief Operating Officer,COO
Chief Technology Officer,CTO
Managing Director,Managing Director
CEO,CEO
Chief Information & Compliance Officer,Chief Compliance Officer
Managing Director US,Managing Director
Co-Owner,Co-Owner
Managing Director,Managing Director
Co Founder & CTO,CTO
Director of Technology,Director of Technology
Owner,Owner
Director/owner,Owner
Product Owner,Product Owner
CEO and Founder,CEO
Chief Operations Officer,COO
Product Owner,Product Owner
Product Manager,Product Manager
Chief Technology Officer,CTO
CEO Mensora,CEO
Co-Founder & COO,COO
Head of IT,Head of IT
Product Owner,Product Owner
Owner,Owner
Co-Founder,Co-Founder
Co-Founder | Managing Director,Managing Director
Coo/cco,COO
CEO,CEO
Co-Founder,Co-Founder
Co-Founder,Co-Founder
Owner,Owner
CEO,CEO
CEO,CEO
Product Director | Product Management,Director of Product
COO,COO
CEO,CEO
Co-Founder and Chief Technology Officer,CTO
Director of IT,Director of IT
CEO,CEO
Managing Director,Managing Director
Co-Founder & CTO / General Manager,CTO
Co-Owner and CTO,CTO
Product Owner Cognitatie,Product Owner
CEO,CEO
CEO & Founder,CEO
Co-Founder,Co-Founder
Co-Founder / CEO,CEO
CEO,CEO
CTO,CTO
Co-Founder & CEO,CEO
Chief Executive Officer,CEO
CEO Americas,CEO
Chief Operating Officer,COO
Director of Operations,Director of Operations
Product Owner and Team Lead,Product Owner
Co-Founder & CRO,Co-Founder
CEO,CEO
Product Owner,Product Owner
Co Founder/CEO,CEO
Head of Software Development,Head of Software Development
Managing Director,Managing Director
Owner,Owner
CEO,CEO
Product Owner for Generators,Product Owner
CEO,CEO
Head of Product,Head of Product
Group CTO,CTO
CEO,CEO
Chief Executive Officer,CEO
Chief Technology Officer,CTO
CEO,CEO
COO / CIO,COO
"Vice President & General Manager, Pharmacy Services",General Manager
General Manager,General Manager
General Manager - EMEA,General Manager
Chief Operating Officer,COO
CEO,CEO
Chief Operating Officer,COO
"SVP & Managing Director, AI and Regulatory Intelligence",Managing Director
Chief Executive Officer,CEO
Operations Director,Director of Operations
Founder and CEO,CEO
COO,COO
Chief Operating & Financial Officer,COO
Head of Engineering,Head of Engineering
Chief Executive Officer,CEO
Head of Product,Head of Product
CEO Caesar Groep,CEO
Chief Product Officer,CPO
CTO,CTO
CTO,CTO
Owner,Owner
Head of Operations and Programs,Head of Operations
Product Owner,Product Owner
General Manager,General Manager
Product Owner,Product Owner
(COO) Operationeel directeur,COO
Chief Operating Officer,COO
COO,COO
Product Owner,Product Owner
CEO,CEO
CTO,CTO
"Co-Founder, Head of Product",Head of Product
Chief Information Officer,CIO
CTO & co-founder,CTO
Executive & COO,COO
Directeur Productdevelopment (CPO),CPO
CEO,CEO
CEO,CEO
COO,COO
Managing Director,Managing Director
CEO,CEO
Head of Operations,Head of Operations
Managing Director,Managing Director
CEO & Co-owner,CEO
Managing Director,Managing Director
Managing Director,Managing Director
Director of Operations,Director of Operations
CTO,CTO
Managing Director & Co-Owner,Managing Director
Founder and CEO,CEO
Chief Executive Officer,CEO
CEO,CEO
Managing Director,Managing Director
Owner,Owner
Co-Owner KOM E+A,Co-Owner
Head of Finance and Operations,Head of Operations
Director of Operations,Director of Operations
CTO,CTO
COO and CFO,COO
Product Owner,Product Owner
Co-Founder and Operation Director,Director of Operations
Director of Software Engineering,Director of Software Engineering
"Chief Executive Officer, and Founder",CEO
CEO | Chief Evangelist,CEO
Director of Operations,Director of Operations
Founding Partner and CEO,CEO
Head of IT,Head of IT
"Chief Technology Officer, Co-founder",CTO
CEO EMEA,CEO
Managing Director,Managing Director
Building the Future of Decision Intelligence - CEO,CEO
Product Owner,Product Owner
CEO Winfakt,CEO
Product Manager,Product Manager
Chief Technology Officer,CTO
Product Owner,Product Owner
Managing Director,Managing Director
Head of Engineering,Head of Engineering
Chief Executive Officer,CEO
Founder & Managing Director,Managing Director
Co-Founder,Co-Founder
Product Manager,Product Manager
Co-Founder,Co-Founder
Product Owner,Product Owner
Director / Owner,Owner
CEO & Co-Founder,CEO
Chief Executive Officer,CEO
Product Owner,Product Owner
CEO,CEO
CEO,CEO
Business Owner,Owner
CTO/CPO & Co-Founder,CTO
CEO,CEO
Product Owner,Product Owner
Chief Executive Officer,CEO
Managing Director,Managing Director
CEO,CEO
CTO,CTO
Product owner,Product Owner
CEO,CEO
CEO,CEO
Chief Product Officer,CPO
Co-founder & COO,COO
General Manager | Central Research Laboratories (CRL),General Manager
Director of Operations,Director of Operations
GeschÃ¤ftsfÃ¼hrer,Managing Director
Product Owner,Product Owner
Owner,Owner
Product Owner,Product Owner
CEO,CEO
General Manager,General Manager
MD and Chairman Touchstore,Managing Director
Director of Engineering,Director of Engineering
CEO/President/Owner/Chairman,CEO
GeschÃ¤ftsfÃ¼hrer,Managind Director
CEO & Founder,CEO
Product Owner,Product Owner
Head of Product Management,Head of Product Management
President & CEO,CEO
Co-Founder & CEO,CEO
Co-Founder & CEO,CEO
"Senior Director of Product, Headquarters bei Mews",Sr Director of Product
CEO,CEO
Operational Director,Director of Operations
Product Manager,Product Manager
Chief Operating Officer,COO
Joint Managing Director,Managing Director
Managing Director,Managing Director
Director of Operations,Director of Operations
COO,COO
Operations Director,Director of Operations
CTO (Chief Technology Officer),CTO
Vice President Customer Success and Operations,VP of Operations
Chief Executive Officer,CEO
COO,COO
CEO and Founder,CEO
Co-founder & CEO,CEO
Managing Director,Managing Director
General Manager,General Manager
CTO,CTO
CTO,CTO
Chief Technology Officer,CTO
CTO,CTO
CEO,CEO
Founder - RetailMedia.one,Founder
Founder/CEO,CEO
Product Manager,Product Manager
Product Owner,Product Owner
CEO,CEO
Product Manager,Product Manager
Founder / CEO,CEO
Co-Founder,Co-Founder
Product Owner | Full-stack Developer,Product Owner
Founder,Founder
Owner,Owner
Head of Operations at Send AI -Turn Complex Documents Into Usable Data,Head of Operations
Chief Operating Officer,COO
Product Owner Connectivity,Product Owner
CEO - Ciso,CEO
Chief Executive Officer,CEO
Co-owner / Consultancy,Co-Owner
Director of Product Development,Director of Product Development
CTO/Product Manager,CTO
CEO & Founder,CEO
Founder & CEO,CEO
CEO and Founder,CEO
General Manager,General Manager
Chief Executive Officer,CEO
CEO & Co-Founder,CEO
CEO,CEO
CEO,CEO
Co-Founder,Co-Founder
CEO,CEO
GeschÃ¤ftsfÃ¼hrer,Managing Director
President and CEO,CEO
"Directeur GÃ©nÃ©ral , Co-fondateur",General Manager
Directeur technique,Technical Director
CEO,CEO
GeschÃ¤ftsfÃ¼hrer,Managing Director
COO,COO
Product Manager,Product Manager
CEO,CEO
GeschÃ¤ftsfÃ¼hrer,Managind Director
Chief Product Officer,CPO
Product Owner,Product Owner
CEO,CEO
Chief Technology Officer,CTO
CEO,CEO
CEO,CEO
Chief Product Officer,CPO
Head of Product and Design,Head of Product
Cpo/cto,CTO
CEO,CEO
Managing Partner - CTO,CTO
Managing Director,Managing Director
IT Director,Director of IT
Co Founder,Co-Founder
Co-Founder,Co-Founder
"Founder and CEO, Cyber Security Consultant",CEO
Chief Executive Officer and Co-Founder,CEO
CTO,CTO
Chief Executive Officer,CEO
Product Manager - AI Solutions,Product Manager
Group Head of IT and Information Security,Head of IT
CEO,CEO
Chief Executive Officer and Co-Founder,CEO
Managing Director,Managing Director
"Founder and CEO, Lead Software Engineer",CEO
Chief Executive Officer,CEO
Chief Executive Officer,CEO
Partner en Chief Technology Officer,CTO
Product Manager,Product Manager
Head of Operations,Head of Operations
Co-founder & Head of Technology,Head of Technology
Co-Founder,Co-Founder
Chief Technology Officer,CTO
CTO & Founder,CTO
Owner,Owner
Managing Director,Managing Director
Owner,Owner
Chief Executive Officer,CEO
Product Manager,Product Manager
Product Owner,Product Owner
Operations Manager(COO),COO
"Head of Product & UX, Marketing Lead",Head of Product
CEO,CEO
Co-founder,Co-Founder
Chief Executive Officer and Executive Chairman,CEO
"Founder, CEO & CTO",CEO
Chief Operations Officer,COO
Technology Director,Director of Technology
IT-Leiter / CIO,CIO
Director Software Development,Director of Software Development
Co-Founder / CEO,CEO
"Director, Product Engineering",Director of Product Engineering
Managing Director,Managing Director
Co-Founder and CEO,CEO
Managing Director,Managing Director
Co-Founder,Co-Founder
Owner,Owner
CTO,CTO
Product Owner,Product Owner
CTO,CTO
CTO,CTO
CEO,CEO
Technical Director,Technical Director
Technical Director,Technical Director
Product Owner,Product Owner
Product Owner,Product Owner
CEO,CEO
CEO,CEO
Product Owner,Product Owner
COO,COO
CEO,CEO
CEO,CEO
Director of IT,Director of IT
CEO,CEO
Founder & CEO,CEO
Founder and Owner,Founder
Chief Technical Officer,CTO
CEO and Co-Founder,CEO
Chief Executive Officer (CEO),CEO
Chief Executive Officer,CEO
CEO and Founding Team,CEO
COO / Operativ chef,COO
Founder & CTO,CTO
CPO | Cheif Product Officer,CPO
CTO,CTO
Chief Operating Officer,COO
Chief Operating Officer,COO
Head of Engineering,Head of Engineering
Chief Technology Officer,CTO
Head of R&D,Head of R&D
Co-founder,Co-Founder
Owner,Owner
Chairman / Co-CEO /,Co-CEO
Chief Operating Officer,COO
Operations Director,Director of Operations
Head of HR and Operations,Head of Operations
Chief Operating Officer,COO
CEO & Co-founder,CEO
Chief Executive Officer,CEO
Product Manager,Product Manager
CEO,CEO
Co-Founder & Chief Product Officer,CPO
General Manager,General Manager
Chief Technology Officer,CTO
CTO,CTO
Directory of Technology,Director of Technology
CEO,CEO
COO,COO
VP/General Manager,General Manager
CEO,CEO
CEO/Founder,CEO
Co-owner Coddin.nl,Co-Owner
Head of Customer Success and Operations,Head of Operations
Chief Product Officer,CPO
Co-Founder,Co-Founder
CEO,CEO
Senior Product Owner,Sr Product Owner
Co-Founder,Co-Founder
Co-owner,Co-Owner
Chief Technology Officer,CTO
Head of Tech and Risk Modelling,Head of Technology
Founder,Founder
Product Manager eMobility MultiTankcard & MoveMove,Product Manager
Co-founder and Product Owner,Product Owner
COO,COO
Product Owner,Product Owner
CTO,CTO
CEO,CEO
"CEO, Founder",CEO
Managing Director,Managing Director
CEO,CEO
Head of Technology,Head of Technology
Product Owner,Product Owner
Operationeel Directeur,Director of Operations
Product Manager,Product Manager
VP of Operations,VP of Operations
Product Owner,Product Owner
Product Manager,Product Manager
Co-Founder / CEO,CEO
Chief Technology Officer,CTO
Chief Executive Officer,CEO
co-founder/ceo,CEO
Managing Director,Managing Director
Chief Product and Strategy Officer at SEALCOIN AG,CPO
Senior Netzwerkmanager & Product owner,Product Owner
CEO & Founder,CEO
Head of Product Management,Head of Product Management
Co-CEO / Founder,Co-CEO
CEO,CEO
Chief Technology Officer,CTO
General Manager,General Manager
Director of Product Management,Director of Product Management
Chief Technology Officer,CTO
Chief Executive Officer,CEO
Managing Director,Managing Director
Chief Executive Officer,CEO
Director of Products & Delivery,Director of Products
Managing Director,Managing Director
Managing Director,Managing Director
Chief Technology Officer,CTO
Chief Executive Officer,CEO
Co-founder and Co-CEO,Co-CEO
Senior Vice President of Finance and Operations,SVP of Operations
Agentic developer/AI Product Owner,Product Owner
CTO,CTO
CTO,CTO
CEO,CEO
Product Owner,Product Owner
Co-founder,Co-Founder
Owner,Owner
CTO,CTO
Operational Director,Director of Operations
Head of Operations,Head of Operations
Managing Director & Founder,Managing Director
Product Manager,Product Manager
Product Owner,Product Owner
Co-Founder,Co-Founder
Chief Executive Officer,CEO
Chief Technology Officer,CTO
Head of Operations,Head of Operations
CTO,CTO
COO,COO
Founder & CEO,CEO
Co-Founder,Co-Founder
CEO @Actia Telematics Services,CEO
Chief Executive Officer,CEO
Owner,Owner
Co-Founder,Co-Founder
Head of Software Engineering,Head of Software Engineering
Co-Founder,Co-Founder
Managing Director,Managing Director
CTO / Mitglied der GL,CTO
Co-Founder & CTO,CTO
Product Owner,Product Owner
COO,COO
CTO,CTO
COO,COO
Owner,Owner
COO,COO
Product Manager,Product Manager
COO,COO
CEO,CEO
Managing Director - Hydro Europe,Managing Director
CTO,CTO
Managing Director,Managing Director
Technisch Directeur / Eigenaar,Technical Director
Chief Executive Officer,CEO
Managing Director,Managing Director
CTO,CTO
Managing Director,Managing Director
CEO & Co-founder,CEO
Founder and CEO,CEO
Fondateur ThisisBlindTest,Founder
Dirigeante & CPO,CPO
Founder,Founder
Chief Technical Officer,CTO
General Manager USA,General Manager
Chief Operating Officer,COO
Chief Product Officer,CPO
Managing Director,Managing Director
Founder & CEO,CEO
Co-Founder,Co-Founder
Chief Executive Officer - Co Founder,CEO
Chief Technology Officer,CTO
CEO and Co-Founder,CEO
Chief Operating Officer,COO
CEO,CEO
Chief Operating Officer,COO
Chief Operating Officer,COO
Head of Operations,Head of Operations
Vice President of Finance and Operations,VP of Operations
Chief Operating Officer,COO
"Director, IT & Compliance",Director of IT
Senior Vice President Operations,SVP of Operations
Managing Director,Managing Director
CEO,CEO
Chief Operating Officer,COO
Chief Technology Officer,CTO
General Manager,General Manager
Chief Executive Officer (CEO),CEO
Owner,Owner
CEO,CEO
Co-founder & CEO,CEO
Head of Operations and CS,Head of Operations
Partner in de rol van COO bij Fluxygen,COO
Head of Software Engineering,Head of Software Engineering
CEO,CEO
Founder & CEO,CEO
Founder,Founder
COO,COO
Founder,Founder
Head of Software Development & Operations,Head of Software Development
Co-founder and Managing Director,Managing Director
Founder & CEO,CEO
Co-founder & CTO,CTO
Product Manager,Product Manager
CEO,CEO
UK Managing Director,Managing Director
CTO,CTO
CEO,CEO
CEO,CEO
Managing Director,Managing Director
CEO,CEO
Managing Director,Managing Director
CO-founder & CEO,CEO
Owner,Owner
COO,COO
Product Manager,Product Manager
CEO,CEO
Chief Technology Officer,CTO
Product Owner Silicon Low Code,Product Owner
President and CEO,CEO
CTO/Lead developer,CTO
CEO,CEO
Chief Product Owner,Product Owner
Product Owner,Product Owner
GeschÃ¤ftsfÃ¼hrer,Managing Director
Founder & CEO,CEO
Chief Executive Officer,CEO
CTO and Co-founder,CTO
Chief Product Officer,CPO
Director of Engineering,Director of Engineering
Co-founder,Co-Founder
CEO,CEO
Product Owner,Product Owner
Managing Director,Managing Director
COO,COO
Owner,Owner
CEO,CEO
Head of Engineering,Head of Engineering
Managing Director Matrix/StruSoft Structural,Managing Director
Chief Executive Officer,CEO
Chief Executive Officer,CEO
Co-Founder & Managing Director,Managing Director
Product Owner,Product Owner
Chief Technology Officer,CTO
Managing Director,Managing Director
Managing Director,Managing Director
Co-Founder and CTO,CTO
Founder & Managing Director,Managing Director
Managing Director,Managing Director
Director of Operations,Director of Operations
Co-Founder & CTO,CTO
Chief Executive Officer,CEO
Director of Technology,Director of Technology
"Vice President, Product and Technolgy",VP of Technology
Managing Director,Managing Director
CTO | Late Co-founder,CTO
CEO and Co-Founder,CEO
Chief Executive Officer,CEO
Product Owner,Product Owner
Co-Founder,Co-Founder
Managing Director,Managing Director
Managing Director,Managing Director
General Manager MPL Groep,General Manager
CTO,CTO
Managing Director,Managing Director
CTO,CTO
CTO,CTO
Co-owner,Co-Owner
Co-Founder,Co-Founder
Product Director,Director of Product
Chief Product Officer,CPO
CEO & Founder,CEO
Algemeen Directeur en Oprichter,Managing Director
President/CEO,CEO
Head of Operations,Head of Operations
Co-founder & Chief Operating Officer,COO
Head of Operations,Head of Operations
Co-founder and CEO,CEO
Managing Director,Managing Director
Owner,Owner
Managing Director,Managing Director
General Manager of Healthcare Solutions,General Manager
CEO,CEO
Product Owner,Product Owner
Product Owner,Product Owner
CTO,CTO
Chief Technology Officer,CTO
Director of IT,Director of IT
CEO,CEO
CTO,CTO
Managing Director,Managing Director
Product Manager,Product Manager
CEO,CEO
Founder,Founder
CEO,CEO
CEO Founder,CEO
Owner | Technical Specialist,Owner
Chief Executive Officer,CEO
Chief Operating Officer,COO
CTO,CTO
CEO,CEO
Founder and CEO,CEO
CEO,CEO
Chief Technology Officer,CTO
Co-Founder & CEO,CEO
Chief Product Officer,CPO
Co-Founder and CEO Inventsys AG,CEO
CTO,CTO
Head of Engineering,Head of Engineering
Chief Product Officer,CPO
Co-founder & CTO,CTO
Founder & CTO,CTO
Founder and COO,COO
Technical Director,Technical Director
Group Chief Executive Officer,CEO
Product Owner,Product Owner
"VP, AI & Innovation",VP of AI
Chief Operating Officer,COO
Chief Executive Officer,CEO
CTO,CTO
CEO,CEO
Vice President Operations,VP of Operations
COO,COO
Product Owner,Product Owner
Product Owner,Product Owner
Chief Operating Officer,COO
Director Operations,Director of Operations
Co-founder at Optifly - the Leading Supplier,Co-Founder
Managing Director,Managing Director
Chief Executive Officer,CEO
Product Owner,Product Owner
Chief Executive Officer,CEO
CEO and Co-Founder,CEO
Product Owner,Product Owner
Founder & Managing Technical Director,Technical Director
Head of R&D,Head of R&D
CEO and Founder,CEO
Chief Technology Officer,CTO
CTO,CTO
Managing Director,Managing Director
Productmanager / Productowner,Product Manger
Founder & CEO,CEO
CEO / Chairman,CEO
Founder,Founder
Co-Founder and CEO,CEO
Managing Director,Managing Director
Product Owner,Product Owner
Co-Founder and CEO,CEO
CTO,CTO
Managing Director,Managing Director
Managing Director,Managing Director
Chief Information Technology Officer,CTO
Chief Executive Officer,CEO
CEO and Founder,CEO
CTO,CTO
CPO,CPO
Product Manager,Product Manager
Product owner,Product Owner
Product Owner,Product Owner
CEO,CEO
CEO,CEO
CEO,CEO
CTO,CTO
CEO,CEO
COO,COO
CEO,CEO
Founder & CEO,CEO
CEO,CEO
Head of Operations,Head of Operations
Co-Founder and COO,COO
Co-founder & Chief Product Officer,CPO
ERP Product Owner,Product Owner
Product Owner,Product Owner
Product Owner,Product Owner
Chief Technology Officer,CTO
Director of Operations,Director of Operations
Head of Product,Head of Product
Chief Technology Officer,CTO
Chief Product Officer,CPO
Head of Growth and Operations,Head of Operations
COO,COO
Chief Executive Officer,CEO
Operations Director,Director of Operations
Chief Technology Officer,CTO
Managing Director,Managing Director
Co-Founder & CEO,CEO
Vice President of Operations,VP of Operations
Founder and CEO,CEO
Managing Director,Managing Director
General Manager,General Manager
Managing Director,Managing Director
Managing Director,Managing Director
Founder,Founder
Chief Technical Officer,CTO
COO,COO
Founder & CEO,CEO
CTO | Managing Partner | Co-Owner,CTO
CEO,CEO
Founder,Founder
Co-owner,Co-Owner
CEO,CEO
Chief Information Officer,CIO
COO,COO
Managing Director Netherlands,Managing Director
Managing Director,Managing Director
Chief Technology Officer,CTO
Co-owner,Co-Owner
Product Manager,Product Manager
CEO,CEO
Director of Information Technology,Director of IT
"Founder, Managing Partner & CTO",CTO
Chief Operations Officer,COO
Head of Product,Head of Product
Founder,Founder
Co-founder & CEO,CEO
Product Manager,Product Manager
Director of Engineering,Director of Engineering
CEO,CEO
CEO,CEO
CEO,CEO
CTO,CTO
CEO,CEO
Managing Director,Managing Director
Chief Technology Officer,CTO
Co-founder & CEO of ClimateCamp,CEO
CEO,CEO
Managing Director,Managing Director
CPO,CPO
Vice President Operations,VP of Operations
Chief Executive Officer & Co-founder,CEO
Managing Director,Managing Director
Owner,Owner
Product Owner,Product Owner
CEO,CEO
Product owner,Product Owner
Managing Director & Co-founder,Managing Director
Chief Operating Officer,COO
Co-founder & CTO,CTO
Chief Operating Officer,COO
CEO,CEO
Chief Executive Officer,CEO
CTO & Lead Frontend Developer,CTO
Managing Director,Managing Director
Co-Owner,Co-Owner
Head of Operations,Head of Operations
Head of Operations,Head of Operations
Chief Technology Officer,CTO
Head of Product,Head of Product
Managing Director,Managing Director
Founder and CEO - UK US EMEA and APAC,CEO
Co-Founder and Director,Co-Founder
Chief Technology Officer,CTO
Managing Director,Managing Director
Co-Founder & CEO,CEO
Vice President Operations,VP of Operations
Chief Executive Officer,CEO
Head of Operations and Customer Success,Head of Operations
Chief Operating Officer,COO
CEO,CEO
Chief Technology Officer,CTO
Chief Operating Officer,COO
Chief Executive Officer,CEO
Product Manager,Product Manager
Head of Operations,Head of Operations
Managing Director | Co-Founder,Managing Director
Product Manager iSmart Group,Product Manager
Owner/Director,Owner
Head of Operations,Head of Operations
Chief Operating Officer,COO
CEO & Co-Founder,CEO
General Manager,General Manager
"CEO, Owner and Founder",CEO
Managing Director,Managing Director
"Founder & CEO, Afriwise",CEO
Chief Product & Technology Officer,CPTO
Founder & Managing Partner,Founder
Chief Product Officer,CPO
Chief Technical Officer,CTO
Co-Founder & CEO,CEO
Managing Director,Managing Director
CEO WideTech,CEO
Director of Operations,Director of Operations
Product Owner at Vinacles,Product Owner
Founder / CEO,CEO
Co-Founder,Co-Founder
COO,COO
Vice President of Operations,VP of Operations
Chief Operating Officer,COO
Director of Product Engineering,Director of Product Engineering
Product Owner,Product Owner
Managing Director DACH,Managing Director
Founder and CEO,CEO
CTO,CTO
CTO,CTO
CTO,CTO
CEO,CEO
CTO,CTO
CTO,CTO
CEO,CEO
Chief Product Technology Officer,CPTO
CEO,CEO
PDG / CEO,CEO
COO,COO
CEO/Founder,CEO
Co-founder & Chief Product Officer,CPO
CTO,CTO
CEO,CEO
Product Owner,Product Owner
Chief Product & Tech Officer,CPTO
CEO & founder,CEO
Chief Technology Officer / Managing Partner,CTO
Head of Tech,Head of Technology
Chief Product Officer,CPO
CEO,CEO
CEO & Co-Founder @Picterra,CEO
Head of Operations | Senior Operations Manager (2019 - Present),Head of Operations
Director of Operations,Director of Operations
Owner,Owner
Managing Director Engilico Pacraft,Managing Director
Group CEO,CEO
Product Owner,Product Owner
Managing Director,Managing Director
CEO,CEO
CEO & Co Founder,CEO
Co-Founder & CTO,CTO
Senior Product Manager,Sr Product Manager
General Manager,General Manager
Chief Operating Officer,COO
Chief Technology Officer,CTO
Director of Revenue Operations,Director of Revenue
Chief Executive Officer,CEO
CEO âº BtoB âº MedTech âº Global âº Implantology âº Digital,CEO
Chief Product and Technology Officer,CTO
Chief Technology Officer,CTO
Vice President Operations & General Manager Scheduled Services,VP of Operations
Chief Operating Officer,COO
Co-Founder & CEO,CEO
Director of Information Technology,Director of IT
CEO,CEO
Head of Operations,Head of Operations
Head of Revenue Operations,Head of Revenue
Co-Founder / CTO,CTO
Operations Director,Director of Operations
CTO,CTO
Chief Executive Officer,CEO
COO,COO
Product Manager,Product Manager
COO,COO
Managing Director,Managing Director
Co-Founder / CEO,CEO
Owner & Founder,Owner
CTO & Co-Founder,CTO
Head of Operations,Head of Operations
Co-founder Catermonkey,Co-Founder
Co-Founder & CEO,CEO
CEO,CEO
Managing Director,Managing Director
Founder / Managing Director,Managing Director
CEO and Co Founder,CEO
CEO,CEO
CTO,CTO
Head of Product,Head of Product
Chief Product Officer,CPO
CEO,CEO
VP Development - Directeur Technique,Technical Director
CEO,CEO
Founder and co-owner,Founder
Chief Operating Officer,COO
Chief Operating Officer,COO
CTO,CTO
Managing Director,Managing Director
CEO,CEO
CTO,CTO
COO,COO
CEO + Co-Founder,CEO
Productmanager,Product Manger
Technisch directeur en mede-eigenaar,Technical Director
CTO & Co-Founder,CTO
CEO & co-founder,CEO
CEO,CEO
Chief Operating Officer,COO
CEO Flow,CEO
CTO / Directeur Technique,CTO
Founding Director,Founder
CEO & Founder,CEO
Product Owner,Product Owner
Chief Operating Officer,COO
Product Manager,Product Manager
Head of Information Technology,Head of IT
Chief Technology Officer,CTO
Managing Director / CEO,CEO
Co-Founder & Co-CEO,Co-CEO
Chief Executive Officer,CEO
Co-Founder & CEO,CEO
Chief Technology Officer,CTO
Chief Technology Officer,CTO
Head of Operations,Head of Operations
Chief Executive Officer,CEO
"Senior Vice President, Operations and Innovation",SVP of Operations
COO,COO
Head of Operations,Head of Operations
Director of Strategy & Operations,Director of Operations
Chief Executive Officer,CEO
Owner,Owner
Managing Director,Managing Director
CEO,CEO
COO,COO
Chief Operating Officer,COO
Co-founder | Technical Lead,Co-Founder
Managing Director,Managing Director
Co-Founder,Co-Founder
Technical Director,Technical Director
CTO,CTO
COO & Co-Founder,COO
"Founder, CEO",CEO
Co-Founder & CTO,CTO
General Manager,General Manager
CTO - Feedback Company,CTO
CEO,CEO
Chief Operating & Technical Officer,CTO
Chief Operating Officer,COO
Chief Technology Officer,CTO
Director of Product,Director of Product
Co-Founder,Co-Founder
CEO,CEO
Director of Operations,Director of Operations
Owner,Owner
Head of Product,Head of Product
Owner,Owner
CEO,CEO
Director Of Operations,Director of Operations
Product Owner,Product Owner
Managing Director,Managing Director
CEO,CEO
Vice President of Operations,VP of Operations
Product Manager,Product Manager
Co-fondateur & CEO,CEO
Product Manager,Product Manager
Head of Product Management,Head of Product Management
Chief Product Officer,CPO
CEO,CEO
CEO & Cofounder,CEO
Chief Technology Officer,CTO
Chief Operating Officer,COO
Product Owner,Product Owner
CEO,CEO
Head of Software Development,Head of Software Development
CEO,CEO
Head of Product,Head of Product
Head of Product and Technology,Head of Product
Managing Director Related to Search Terms in Your Query,Managing Director
CEO & Founder,CEO
Co-Founder & CEO,CEO
CEO,CEO
Senior Product Manager,Sr Product Manager
Chief Operating Officer,COO
"CEO, Partner",CEO
CEO,CEO
Managing Director,Managing Director
CTO,CTO
Senior Vice President Operations,SVP of Operations
Chief Executive Officer,CEO
"Founder, CEO",CEO
Chief Operating Officer,COO
Co-Founder & CEO,CEO
Founder & Investor,Founder
Managing Director,Managing Director
Technical Director,Technical Director
Product Owner,Product Owner
CEO,CEO
Chief Executive Officer (CEO),CEO
Founder and CEO,CEO
Founder,Founder
"Co-Founder, COO and CCO",COO
Founder - CEO,CEO
CEO,CEO
CEO,CEO
Co-founder & CEO,CEO
CEO,CEO
Co-Founder and Chief Technology Officer,CTO
Co-Founder,Co-Founder
Chief Technology Officer,CTO
Managing Director,Managing Director
Owner,Owner
Owner,Owner
CEO,CEO
CEO,CEO
Director of Operations - Eden Prairie at Savillex,Director of Operations
Chief Technology Officer,CTO
Senior Consultant / CTO,CTO
Chief Product Officer,CPO
Owner,Owner
Product Owner,Product Owner
CEO,CEO
Head of Products,Head of Products
CEO,CEO
CTO,CTO
CTO,CTO
Product & Development Manager,Product Manager
CEO,CEO
CEO,CEO
Directeur (CEO),CEO
CEO & Co-founder,CEO
CTO,CTO
Algemeen Directeur,Managing Director
CEO,CEO
Co-CEO,Co-CEO
Product Manager,Product Manager
Managing Director - DACH,Managing Director
Chief Operating Officer,COO
Co-founder and CTO,CTO
CEO and Co-Founder,CEO
CEO and Co-Founder,CEO
Chief Technology Officer,CTO
Chief Information Officer,CIO
Chief Executive Officer,CEO
CEO,CEO
Managing Director/ Board Member,Managing Director
Chief Operating Officer,COO
Managing Director,Managing Director
Owner,Owner
Managing Director,Managing Director
Founder & Managing Director,Managing Director
Co-Founder and VP Engineering,VP of Engineering
Director of Engineering,Director of Engineering
Chief Technology Officer,CTO
Chief Executive Officer,CEO
Founder & CEO,CEO
Head of IT and Cyber Security,Head of IT
Head of Operations,Head of Operations
CEO,CEO
Head of Operations & Strategic Partnerships,Head of Operations
Head of Information Technology,Head of IT
Chief Operating Officer,COO
Product Owner,Product Owner
Founder and CEO,CEO
Director of Information Technology,Director of IT
CTO,CTO
CEO,CEO
Operational Director,Director of Operations
CEO & Co-Founder,CEO
Chief Product Officer,CPO
COO,COO
Founder - Cto/coo,COO
Co-founder & CTO,CTO
Product Manager,Product Manager
Product Owner / Manager | Stamp 4,Product Owner
"Chief Technology Officer, Director",CTO
Chief Executive Officer,CEO
COO,COO
Founder & CEO,CEO
CTO,CTO
CEO,CEO
Chief Product Officer,CPO
CTO,CTO
CTO,CTO
Technical Director,Technical Director
Director of Product,Director of Product
CEO,CEO
Managing Director,Managing Director
Algemeen directeur / CIO,CIO
CIO,CIO
CTO,CTO
CTO,CTO
Productmanager,Product Manager
Managing Director,Managing Director
Algemeen directeur,Managing Director
CTO,CTO
CTO,CTO
CTO,CTO
Head of Innovation (formerly Googler | CTO,CTO
MD,Managing Director
Principal CEO,CEO
Product Owner OMS,Product Owner
General Manager,General Manager
Owner,Owner
Chief Information Technology Officer,CTO
Product Owner | FEM-Design,Product Owner
CEO Parmenion,CEO
CEO and Founder,CEO
Chief Executive Officer,CEO
Co-Founder & CEO,CEO
Co-founder & CEO,CEO
Chief Operating Officer,COO
Chief Technology Officer (CTO),CTO
Cfo/coo,COO
Chief Executive Officer,CEO
CEO and Founder,CEO
Co-fondateur & CTO,CTO
CEO & Founder,CEO
Managing Director (Co-CEO/CMO),CEO
Senior Web Developer/ Tech Lead / Head of IT,Head of IT
Founder and CEO,CEO
Managing Director,Managing Director
Chief Operating Officer,COO
Chief Executive Officer,CEO
Senior Product Manager,Sr Product Manager
Managing Partner - Consultant - Owner at Masters in Process,Owner
Co-Owner,Co-Owner
CEO & Founder,CEO
Chief Operations Officer,COO
CEO - Founder,CEO
Business Consultant and Owner,Owner
CEO,CEO
Chief Technology Officer,CTO
Co-Owner,Co-Owner
Co-founder,Co-Founder
Co-CEO/ CCO,Co-CEO
CTO,CTO
CTO & Founder,CTO
Chief Executive Officer & Co-founder,CEO
Director Of Operations,Director of Operations
Co-Founder,Co-Founder
CEO,CEO
CTO,CTO
Co-founder & CTO,CTO
Managing Director,Managing Director
CTO,CTO
CEO,CEO
Co-founder and CTO,CTO
Co-Owner,Co-Owner
CEO,CEO
Product Manager,Product Manager
Managing Director,Managing Director
CEO,CEO
Director of Operations,Director of Operations
CTO,CTO
Chief Technical Officer,CTO
CEO,CEO
CEO,CEO
CTO,CTO
CEO & Founder,CEO
Co-Founder/CEO,CEO
Chief Technology Officer,CTO
Product Owner,Product Owner
Co-Founder and CTO,CTO
Head of Product,Head of Product
Chief Information Officer,CIO
CIO,CIO
Product Manager,Product Manager
Owner,Owner
Managing Director,Managing Director
Chief Executive Officer,CEO
Changing the World one Website at a Time. CEO,CEO
CEO and Founder,CEO
Founder & COO,COO
Product Manager & Product Owner,Product Manager
Product Owner,Product Owner
Head of Product,Head of Product
Founder & Chief Executive Officer,CEO
"Senior Vice President, Operations & Chief Compliance Officer",SVP of Operations
Chief Executive Officer,CEO
Founder/CEO,CEO
Chief Operating Officer,COO
CEO,CEO
Co-Founder und Co-CEO der Famedly GmbH,Co-CEO
Vice President of Operations,VP of Operations
Founder & Managing Director,Managing Director
Chief Executive Officer,CEO
Director Owner,Owner
Founder,Founder
Co-founder and Chief Creative Officer,Co-Founder
Head of Operations,Head of Operations
Head of US Operations,Head of Operations
CEO,CEO
Chief Executive Officer,CEO
Product Owner,Product Owner
CTO,CTO
Founder,Founder
CEO,CEO
Product Manager,Product Manager
CEO | Managing Partner | Co-Owner,CEO
CEO,CEO
Design Lead en Product Owner,Product Owner
Managing Director,Managing Director
Co-Founder & Head of Engineering,Head of Engineering
Chief Information Officer,CIO
Director of Information Technology,Director of IT
Managing Director,Managing Director
Managing Director,Managing Director
Managing Director,Managing Director
General Manager,General Manager
Chief Operating Officer,COO
CEO,CEO
CTO,CTO
CEO,CEO
CEO,CEO
Managing Director,Managing Director
Managing Director,Managing Director
Product Owner,Product Owner
CEO,CEO
CPO,CPO
CEO,CEO
Operations director,Director of Operations
Chief Product Officer,CPO
CTO,CTO
CEO,CEO
Owner,Owner
CEO and Founder,CEO
Co-Founder & Chief Product Officer,CPO
Founder & CEO,CEO
Chief Operating & Technology Officer,CTO
Chief Technology Officer,CTO
Chief Product and Operating Officer,CPO
Co-founder & Chief Operating Officer,COO
Product Owner,Product Owner
Senior Product Manager,Sr Product Manager
Head of Product,Head of Product
CTO,CTO
CTO,CTO
CEO and Co-founder,CEO
Managing Director,Managing Director
Chief Operations Officer,COO
President and CEO,CEO
President & CEO,CEO
VP Finance and Operations,VP of Operations
CEO and R&D Lead,CEO
General Manager,General Manager
Chief Technical Officer,CTO
CPO & CTO,CTO
Chief Operating Officer,COO
Director/owner,Owner
Founder & Owner,Founder
Chief Operating Officer,COO
CEO,CEO
Co-Founder & Chief Operating Officer,COO
Managing Director,Managing Director
Head of Operations,Head of Operations
Founder,Founder
Product Manager,Product Manager
CEO,CEO
CTO,CTO
Co-Founder & CEO,CEO
Co-owner,Co-Owner
Head of Engineering,Head of Engineering
Director R&D,Director of R&D
Product Owner,Product Owner
GeschÃ¤ftsfÃ¼hrer HMT,Managing Director
COO,COO
Managing Director,Managing Director
Managing Director - CEO,CEO
Managing Director,Managing Director
Chief Executive Officer,CEO
Chief Operating Officer,COO
CEO & Co-Owner,CEO
Vice President of Engineering,VP of Engineering
Chief Operating Officer,COO
Owner - Managing Director,Managing Director
CIO,CIO
CPO,CPO
Managing Director & Owner,Managing Director
"Director, Delivery & Operations",Director of Operations
Product Owner,Product Owner
Product Manager,Product Manager
CTO,CTO
President & CEO,CEO
CEO,CEO
Managing Director,Managing Director
Managing Director,Managing Director
Managing Director,Managing Director
Director of Product,Director of Product
CPO,CPO
CEO,CEO
CEO en Mede-eigenaar,CEO
Chief Software Architect & Co-Founder,Co-Founder
Chief Executive Officer,CEO
Product Owner,Product Owner
General Manager,General Manager
Leiter der Informationstechnologie (CIO),CIO
CEO,CEO
CTO,CTO
CTO,CTO
COO,COO
CEO,CEO
Chief Technology Officer,CTO
Founder & CEO,CEO
Managing Director,Managing Director
Chief Technology Officer,CTO
Co-Founder and COO,COO
CEO,CEO
Director of Product Management,Director of Product Management
Director of Operations,Director of Operations
Chief Technology Officer,CTO
Managing Director,Managing Director
Director IOD & Engineering,Director of Engineering
Product Manager,Product Manager
Head of IT & Infrastructure,Head of IT
Managing Director,Managing Director
CTO & Executive Committee Member,CTO
Co-Chief Executive Officer / Founder,Co-CEO
Director of Engineering,Director of Engineering
Founder & CEO,CEO
Chairman & CEO,CEO
Vice President of Revenue Operations,VP of Revenue
Operatuons Director,Director of Operations
Head of Revenue Operations & Growth Strategy,Head of Revenue
VP of Finance & Operations,VP of Operations
Founder & CEO,CEO
CTO,CTO
Founder/CEO,CEO
Chief Executive Officer,CEO
COO and Co-founder,COO
Company Owner,Owner
IT Director & Compliancy,Director of IT
Product Owner,Product Owner
CEO,CEO
Chief Technology Officer & Founding Director,CTO
Chief Technical Officer (CTO),CTO
Technical Manager,Technical Manager
CEO,CEO
Chief Product Officer,CPO
CEO BarTrack,CEO
Co-founder & CEO,CEO
Chief Operating Officer,COO
Founder & Owner,Founder
Managing Director,Managing Director
Product Owner,Product Owner
Chief Operations Officer,COO
General Manager,General Manager
CTO,CTO
Research and Development Director,Director of R&D
Cio-ciso-dpo,CIO
CEO & Co-Founder,CEO
Owner,Owner
CEO,CEO
Managing Director,Managing Director
General Manager,General Manager
Chief Operating Officer (COO),COO
CIO,CIO
Chief Executive Officer,CEO
Founder & CEO,CEO
CTO & Co-founder,CTO
CEO,CEO
Product Manager,Product Manager
CTO,CTO
Managing Director,Managing Director
CEO,CEO
General Manager,General Manager
Owner/ Founder,Owner
Global Head of Software Development,Head of Software Development
CEO & Founder,CEO
Founder and CEO,CEO
Chief Operating Officer,COO
General Manager,General Manager
CEO,CEO
CTO & Co-Founder,CTO
Co-owner,Co-Owner
Directeur des SystÃ¨mes d'Information Groupe / Group CIO,CIO
CEO,CEO
Managing Director,Managing Director
Product Owner,Product Owner
Owner and Marketing Director,Owner
Head of R&D,Head of R&D
Senior Product Technical Manager,Sr Technical Manager
CEO & Founder,CEO
Director of Operations,Director of Operations
Chief Executive Officer,CEO
CEO & Co-Founder,CEO
Head of Operations,Head of Operations
Chief Executive Officer,CEO
CEO,CEO
Head of Operations,Head of Operations
Founder & CEO,CEO
Chief Operating Officer,COO
COO,COO
Chief Executive Officer,CEO
Chief Technology Officer,CTO
Functional Analyst/Product Owner,Product Owner
Product Manager,Product Manager
General Manager,General Manager
Chief Operating Officer,COO
Founder & CEO,CEO
Co-founder & CTO,CTO
CTO,CTO
Chief Technical Officer and Co-founder,CTO
Product Owner,Product Owner
Founder,Founder
"Product Manager, Owner",Product Manager
Chief Executive Officer,CEO
Managing Director,Managing Director
Co-owner / Software Development,Co-Owner
Co-Founder,Co-Founder
CEO Cashbook,CEO
Founder,Founder
VP Product,VP of Product
Owner & CEO,CEO
CEO,CEO
Managing Director,Managing Director
Co-Founder,Co-Founder
CTO,CTO
CEO & Proud Founder,CEO
Product owner,Product Owner
CEO,CEO
CEO,CEO
Chief Operating Officer,COO
Founder & CEO,CEO
CTO,CTO
Sr Product Manager,Sr Product Manager
Managing Director,Managing Director
Director of Operations,Director of Operations
Technical Manager,Technical Manager
Co-Owner,Co-Owner
Product Owner,Product Owner
General Manager,General Manager
Head of Operations,Head of Operations
CEO,CEO
Chief Executive Officer,CEO
Chief Operating Officer - Head of Risk,COO
Chief Executive Officer,CEO
Founder,Founder
Managing Director,Managing Director
Managing Director,Managing Director
CTO,CTO
Chief Technology Officer,CTO
Chief Operating Officer,COO
Chief Operating Officer,COO
CEO,CEO
Founder & CEO,CEO
COO,COO
CEO & Co-founder,CEO
Chief Executive Officer,CEO
Directrice des OpÃ©rations et de l'ExpÃ©rience Client,Director of Operations
Chief Executive Officer,CEO
General Manager,General Manager
CEO Partner,CEO
Chief Technology Officer (CTO),CTO
Chief Operating Officer,COO
CEO & Co-Founder,CEO
CEO âª Nomenclatuur âª Centrale Sterilisatie Afdeling âª Besco_Portal âª Stemato,CEO
CEO,CEO
COO,COO
CEO & Founder,CEO
Managing Director,Managing Director
Product Manager,Product Manager
Managing Director Kred'it,Managing Director
Head of Operations & Maintenance,Head of Operations
Director Operations,Director of Operations
Owner,Owner
CTO,CTO
Business Consultant / Product Owner - Site Performance,Product Owner
Product Owner AEO Customs Compliance Tool,Product Owner
Chief Executive Officer,CEO
CEO and Co-founder,CEO
Managing Director,Managing Director
Operations Director,Director of Operations
CEO at Master Network Solutions,CEO
CEO,CEO
Product Owner,Product Owner
CEO,CEO
Founder,Founder
CEO,CEO
Director of Operations,Director of Operations
Co-Founder,Co-Founder
CEO,CEO
CEO,CEO
Product Owner,Product Owner
COO,COO
Software Architect & Technical Director,Technical Director
CEO,CEO
Co-founder and CTO,CTO
Product Owner,Product Owner
Product Manager,Product Manager
CTO,CTO
CEO,CEO
Managing Director,Managing Director
CEO,CEO
COO & Cofounder,COO
CTO,CTO
Technical Director,Technical Director
Head of Product,Head of Product
Owner,Owner
Director Software Development,Director of Software Development
Chief Product Officer,CPO
CEO,CEO
CTO,CTO
Chief Technology Officer,CTO
Co-CTO,Co-CTO
Chief Operating Officer,COO
GeschÃ¤ftsfÃ¼hrer âWas habâ ich?â gGmbH,Managing Director
VP Product & Engineering,VP of Product
Owner and Managing Director,Managing Director
Head of Engineering,Head of Engineering
Head of Technology,Head of Technology
Chief Executive Officer,CEO
Founder,Founder
Sr Director IT,Sr Director of IT
Chief Operating Officer / Co-Founder,COO
Director of Operations,Director of Operations
Director of Revenue Operations,Director of Revenue
Managing Director,Managing Director
Chief Executive Officer,CEO
Chief Technology Officer,CTO
Chairman & CEO,CEO
Chief Technology Officer,CTO
General Manager,General Manager
Managing Director,Managing Director
CEO / Founder,CEO
Co-Founder & CEO,CEO
Founder & CTO,CTO
Chief Executive Officer,CEO
Product Owner,Product Owner
"Founder, CEO, Gesprekspartner en Verhalenverteller",CEO
CEO & Founder,CEO
COO,COO
Product Owner & Data Analyst,Product Owner
Head of Product,Head of Product
Managing Director,Managing Director
Co-Founder,Co-Founder
Co-Founder and CTO,CTO
CTO - Software Architect,CTO
CEO,CEO
General Manager,General Manager
Chief Executive Officer,CEO
Product Owner,Product Owner
COO,COO
COO,COO
"Founder, CEO",CEO
Co-Founder and CTO,CTO
Founder,Founder
"Founder, CEO",CEO
CTO,CTO
Founder / CEO,CEO
Product Owner,Product Owner
Managing Director,Managing Director
Head of Product,Head of Product
CTO,CTO
CTO,CTO
Vice President of Operations / COO,COO
CTO,CTO
COO,COO
Product Manager,Product Manager
Product Manager,Product Manager
Co-Founder and Chief Executive Officer,CEO
CEO,CEO
CTO,CTO
Product Manager,Product Manager
Director of Operations,Director of Operations
Product Manager,Product Manager
Founder,Founder
Team Lead / Product Owner,Product Owner
Chief Operating Officer,COO
Chief Executive Officer,CEO
"Co Founder, CTO",CTO
Chief Executive Officer,CEO
Head of Finance and Operations,Head of Operations
CEO (Chief Executive Officer) & Co-Owner,CEO
Managing Director Precast,Managing Director
Technical Director,Technical Director
Operations Director,Director of Operations
Founder,Founder
Co-founder & CEO,CEO
Chief Executive Officer,CEO
CEO,CEO
AI Product Manager | Capture,Product Manager
Chief Technology Officer,CTO
Product Manager,Product Manager
Head of Technology,Head of Technology
Co-Founder & CTO,CTO
C.E.O,CEO
Chief Product Officer,CPO
Managing Director,Managing Director
Senior Product Manager,Sr Product Manager
Founder and CEO,CEO
CEO,CEO
Co-founder & COO,COO
CEO,CEO
COO,COO
Chief Technology Officer,CTO
Operations Director,Director of Operations
Chief Executive Officer,CEO
Head of Products,Head of Products
Head of Engineering / Architect,Head of Engineering
Operational Director,Director of Operations
Product Owner,Product Owner
Co-founder,Co-Founder
Co-founder,Co-Founder
Product Owner,Product Owner
CTO / Technisch Directeur,CTO
Founder and CEO,CEO
CPO,CPO
COO & Founder,COO
Director of Operations,Director of Operations
CTO / Founder,CTO
Co-Founder,Co-Founder
Product Owner,Product Owner
Chief Executive Officer,CEO
CEO,CEO
Founder and COO,COO
Managing Director,Managing Director
COO,COO
COO a.i.,COO
CEO,CEO
Founder,Founder
CTO,CTO
Chief Operating Officer,COO
CEO & Co-Founder Tekst | Helping enterprises to get rid,CEO
Chief Technology Officer,CTO
Head Of Engineering,Head of Engineering
CTO,CTO
Co Founder & CTO,CTO
CEO & Founder,CEO
GeschÃ¤ftsfÃ¼hrer,Managing Director
CEO & Co-founder,CEO
Chief Technology Officer,CTO
CTO & Partner,CTO
Founder and CEO,CEO
CEO,CEO
Chief Technology Officer,CTO
Co-fondateur & CTO,CTO
Chief Technology Officer,CTO
CEO & Co Founder | AI Powered Video Analytics,CEO
CTO and Co-founder,CTO
Finance & Operations Director of Magna Group | Bachelor,Director of Operations
Chief Technology Officer,CTO
Founder & CEO,CEO
Chief Operating Officer,COO
Vice President of Operations,VP of Operations
Chief Operations Officer,COO
CEO & Co-Founder,CEO
Chief Technology Officer,CTO
Founder/ CEO,CEO
Director of IT,Director of IT
CEO,CEO
Chief Operating Officer,COO
Director of Operations,Director of Operations
Chief Technology Officer (CTO),CTO
CEO & Co-Founder | Convergent - Document & Information Management Consultants,CEO
Chief Executive Officer,CEO
Product Manager,Product Manager
CTO & Co-founder,CTO
Head of Product,Head of Product
Chief Executive Officer,CEO
Product Manager,Product Manager
Operational Director,Director of Operations
Product Manager,Product Manager
Managing Director,Managing Director
CEO,CEO
Product Owner,Product Owner
Co-Founder,Co-Founder
CEO at ShipitSmarter,CEO
CEO,CEO
Founder and CEO,CEO
CEO / Chief Happy Customers,CEO
"Manager & Product Owner, Lab Control",Product Owner
"CEO, CO-Founder",CEO
Chief Executive Officer,CEO
Chief Operating Officer,COO
Product Owner,Product Owner
US General Manager,General Manager
Chief Executive Officer,CEO
"COO/ Head of Global Operations, Technology and Legal & Compliance",COO
Chief Operating Officer,COO
VP of Operations,VP of Operations
Vice President of Engineering,VP of Engineering
CEO,CEO
Founder,Founder
CEO,CEO
CEO,CEO
Founder,Founder
CTO,CTO
CTO,CTO
Managing Director,Managing Director
COO,COO
CTO,CTO
Founder / CEO,CEO
Managing Director,Managing Director
Product Manager,Product Manager
Co-Founder,Co-Founder
Product Owner,Product Owner
CEO,CEO
Owner,Owner
Chief Technology Officer,CTO
Managing Director and Founder,Managing Director
General Manager,General Manager
Managing Director,Managing Director
Director and founder,Founder
CTO,CTO
Founder & CEO,CEO
CTO,CTO
Chief Operating Officer,COO
COO,COO
CTO,CTO
Product Owner,Product Owner
Managing Director-Co Owner,Managing Director
Owner/ General Manager,General Manager
CEO / Founder,CEO
COO,COO
Senior Product Manager,Sr Product Manager
Co-founder,Co-Founder
COO and Co-Founder,COO
Chief Product and Technology Officer,CPTO
Chief Operating Officer (COO),COO
"Vorstandsvorsitzender, CEO",CEO
CEO & Chairman of the Board of Directors,CEO
General Manager,General Manager
CEO,CEO
CEO & Founder,CEO
Managing Director,Managing Director
President/CEO,CEO
Product Owner,Product Owner
Chief Executive Officer,CEO
Director of Engineering,Director of Engineering
Chief Operating Officer,COO
CEO,CEO
Managing Director,Managing Director
Managing Director,Managing Director
Co-founder & CEO,CEO
Product Owner,Product Owner
Product Owner MRT,Product Owner
Owner,Owner
Co-Founder,Co-Founder
Operational Director,Director of Operations
CTO,CTO
Chief Technology Officer,CTO
Product Owner,Product Owner
Co-founder & Director of Product and Operations,Director of Product
Director of Product Strategy & Operations,Director of Operations
CTO / Partner,CTO
President and CEO,CEO
CTO Managing Partner,CTO
Co-Founder,Co-Founder
CEO,CEO
CEO & Founder,CEO
Chief Executive Officer,CEO
Chief Executive Officer,CEO
Director of Product,Director of Product
Co-fondateur,Co-Founder
CFO & Co-founder,Co-Founder
CTO,CTO
CEO,CEO
Co-Founder,Co-Founder
Chief Executive Officer,CEO
Director of Operations,Director of Operations
CEO & co-founder,CEO
CTO,CTO
Chief Technology Officer,CTO
Founder,Founder
CEO,CEO
CEO,CEO
Technical Director,Technical Director
Founder & CEO,CEO
Product Owner,Product Owner
Managing Director,Managing Director
Direction gÃ©nÃ©rale,General Manager
Direttore operativo,Director of Operations
Chief Executive Officer,CEO
Co-founder & CEO,CEO
CEO,CEO
Chief Executive Officer,CEO
Co-owner,Co-Owner
COO | Partner,COO
CEO and Founder,CEO
Chief Executive Officer,CEO
Chief Executive Officer,CEO
Owner,Owner
COO,COO
Joint Managing Director,Managing Director
CTO,CTO
Chief Executive Officer,CEO
CEO & Co-founder,CEO
Product Manager,Product Manager
Managing Director,Managing Director
Founder and CEO,CEO
Co-Founder & CTO,CTO
Director of Operations,Director of Operations
"SVP, Operations",SVP of Operations
Co-Founder & CEO,CEO
Chief Technology Officer,CTO
Chief Product & Technology Officer,CTO
Managing Director,Managing Director
Chief Executive Officer,CEO
Chief Operating Officer,COO
General Manager,General Manager
Product Manager,Product Manager
Director of Software Engineering,Director of Software Engineering
Co-Founder and CEO,CEO
CTO & Co-Founder,CTO
CEO,CEO
Founder and CEO,CEO
Chief Executive Officer,CEO
Owner & Chief Operating Officer,COO
Chief Technical Officer,CTO
Product Owner - Performance,Product Owner
Chief Executive Officer,CEO
COO,COO
Managing Director,Managing Director
Owner,Owner
Owner,Owner
Managing Director,Managing Director
COO,COO
Managing Director,Managing Director
Managing Director,Managing Director
CTO,CTO
Operations Director,Director of Operations
Product Owner,Product Owner
Product Owner,Product Owner
Chief Executive Officer,CEO
Product Owner,Product Owner
CIO,CIO
Managing Director,Managing Director
CEO,CEO
Head of Product,Head of Product
CEO,CEO
Director Of Operations,Director of Operations
Product Owner,Product Owner
CPO,CPO
Managing Director,Managing Director
Product Owner,Product Owner
Product Owner,Product Owner
Product Owner,Product Owner
CTO,CTO
Product Manager,Product Manager
Productmanager,Product Manger
CEO,CEO
Product Manager & Software Engineer,Product Manager
Product Manager Cabanga,Product Manager
Co-CEO,Co-CEO
Chief Operating Officer,COO
Co-Owner,Co-Owner
Owner/ director,Owner
Chief Executive Officer,CEO
CEO,CEO
Chief Technology Officer,CTO
Chief Product Officer,CPO
Head of Operations,Head of Operations
Chief Technology Officer,CTO
CEO and Co-Founder,CEO
Chief Operating Officer - COO,COO
Co-Founder & CTO,CTO
Head of IT,Head of IT
"COO Technology, CIO",COO
Director of Engineering,Director of Engineering
Product Director,Director of Product
VP Product & Strategy,VP of Product
Head of Research and Development,Head of R&D
Co-owner Sarco Packaging Belgium,Co-Owner
UK Managing Director,Managing Director
Chief Technology Officer,CTO
CEO,CEO
Chief Technology Officer,CTO
Chief Technology Officer,CTO
Technical Director,Technical Director
Product Owner,Product Owner
Chief Technology Officer,CTO
Co-Founder and CEO,CEO
COO/Vice President,COO
CEO & Founder,CEO
Chief Technology Officer,CTO
Director of Operations,Director of Operations
Head of Operations,Head of Operations
Founder & COO,COO
Head of Operations,Head of Operations
CEO,CEO
CTO & Co-Founder,CTO
Operational Director,Director of Operations
Product Manager,Product Manager
CTO,CTO
Founder & CTO,CTO
Co-Founder and CTO,CTO
"Founder, CEO, Consultant Systems Engineering, AI Entrepeneur",CEO
Founder and CTO,CTO
CTO,CTO
Director/owner,Owner
General Manager,General Manager
VD/CEO,CEO
CEO,CEO
Managing Director,Managing Director
Martin Casey - Managing Director,Managing Director
IT Director,Director of IT
VP Product & Growth,VP of Product
CEO,CEO
Chief Technology Officer,CTO
CEO,CEO
General Manager,General Manager
Product Manager,Product Manager
VP of Product & Customer Experience,VP of Product
Technical Manager,Technical Manager
Head of Operations,Head of Operations
Head of Product & Engineering,Head of Product
Partner & General Manager,General Manager
Director of Engineering,Director of Engineering
General Manager,General Manager
Operations Director,Director of Operations
Head of Operations,Head of Operations
Director of Technology - BorealisWind,Director of Technology
Senior Director R&D,Sr Director of R&D
Senior Principal Engineer @ CTO CoreDux Group,CTO
Vice President Engineering and Production,VP of Engineering
CEO,CEO
Chief Operating Officer,COO
V.P. of Operations,VP of Operations
Head of Product (general Commercial Power of Representation / Prokura),Head of Product
Managing Director,Managing Director
CEO,CEO
Director of Operations USA,Director of Operations
Chief Commercial Officer and Chief Operating Officer,COO
Chief Operating Officer,COO
Oprichter & CEO,CEO
COO,COO
Technical Product Owner,Technical Product Owner
CEO & Co-Founder,CEO
Chief Technology Officer,CTO
Head of IT & Security,Head of IT
Chief Executive Officer,CEO
Chief Product & Technology Officer (CPTO),CPTO
Chief Executive Officer,CEO
Senior Product Manager,Sr Product Manager
Director Product Management,Director of Product Management
Managing Director,Managing Director
Chief Executive Officer,CEO
General Manager,General Manager
Senior Product Owner,Sr Product Owner
CEO Automotive Europe,CEO
Chief Operating Officer,COO
Directeur Recherche et DÃ©veloppement,Director of R&D
Chief Operations Officer,COO
Engineering Director,Director of Engineering
Head of Engineering & Project Dept. T&V / Decometa,Head of Engineering
Group Chief Executive Officer,CEO
CEO / Partner,CEO
General Manager,General Manager
Managing Director,Managing Director
Head of Development,Head of Development
CEO,CEO
CEO and Founder,CEO
Head of Product,Head of Product
Chief Executive Officer,CEO
CEO and Owner,CEO
CEO,CEO
Managing Director,Managing Director
Co-Founder & CTO,CTO
CEO,CEO
CEO,CEO
Chief Technology Officer & Co-founder,CTO
Managing Director,Managing Director
Director of Technology,Director of Technology
Managing Director,Managing Director
Director of IT,Director of IT
VP of Operations,VP of Operations
Vice President of Operations,VP of Operations
CEO,CEO
Director of Information Technology and CISO,Director of IT
Director of Innovation,Director of Innovations
CTO (Chief Technical Officer),CTO
General Manager,General Manager
"Head of Innovation, Medical Devices",Head of Innovation
Director of Engineering,Director of Engineering
Chief Executive Officer,CEO
Chief Executive Officer,CEO
VP Technology & Solutions,VP of Technology
CEO,CEO
Co-Founder and CTO,CTO
Chief Operating Officer Rivercte GmbH,COO
Head of Engineering,Head of Engineering
Chief Operating Officer,COO
COO,COO
Director & Head of Operations,Head of Operations
Operational Director,Director of Operations
Co-Founder & CEO,CEO
Chief Technology Officer,CTO
Director of Technology,Director of Technology
Operationeel Directeur (COO),COO
Vice President Operations,VP of Operations
Product Owner,Product Owner
Managing Director,Managing Director
Co-Founder & CTO,CTO
Directeur R&D,Director of R&D
General Manager,General Manager
Chief Technology Officer,CTO
Director of Operations,Director of Operations
Vice President of Engineering,VP of Engineering
General Manager,General Manager
General Manager,General Manager
Chief Executive Officer,CEO
Chief Executive Officer,CEO
CEO,CEO
Director of Information Technology,Director of IT
Vice President of Engineering,VP of Engineering
GeschÃ¤ftsfÃ¼hrer Raumedic France,Managind Director
Co-Founder & 3D Metrology Expert,Co-Founder
Chief Technology Officer,CTO
Product Manager,Product Manager
Founder and CEO,CEO
Director of Operations,Director of Operations
Chief Operating Officer,COO
Chief Executive Officer - Europe,CEO
Chief Operating Officer at EventMAP,COO
CEO,CEO
Chief Technology Officer,CTO
Director of Operations,Director of Operations
Director of Operations,Director of Operations
Co-President / CEO,CEO
GeschÃ¤ftsfÃ¼hrer/ General Manager,General Manager
General Manager,General Manager
"Vice President of Operations, Europe & Asia",VP of Operations
Managing Director,Managing Director
Managing Director,Managing Director
Chief Technology Officer,CTO
Co-Founder,Co-Founder
Technical Product Manager,Technical Manager
Chief Product Officer & WonkaChat Lead,CPO
Technical Director,Technical Director
Co-founder / CPO,CPO
CEO & Co-founder,CEO
Managing Director,Managing Director
CEO,CEO
Chief Executive Officer,CEO
Chief Operations Officer/Director Human Resources,COO
CTO & Co-Founder,CTO
Managing Director,Managing Director
CIO,CIO
Director of Engineering,Director of Engineering
Managing Director,Managing Director
Chief Operating Officer,COO
President/GM,General Manager
General Manager,General Manager
Vice President / General Manager,General Manager
General Manager BeNeLux,General Manager
CTO,CTO
"Vice President, Head of R&D",Head of R&D
Managing Director,Managing Director
Head of Product and UX,Head of Product
Chief Operating Officer,COO
DÃ©veloppeuse Symfony / Proxy Product Owner,Product Owner
CEO & Founder,CEO
Senior Product Manager,Sr Product Manager
Chief Product Officer,CPO
Product Director,Director of Product
CEO,CEO
Managing Director,Managing Director
Co-Founder & CEO,CEO
Managing Director,Managing Director
Product Owner & UX Designer,Product Owner
CEO,CEO
Product Manager,Product Manager
Productmanager/Projectmanager,Product Manger
Founder & CEO,CEO
Managing Director,Managing Director
Product Owner,Product Owner
Chief Executive Officer,CEO
Chief Information Officer,CIO
Head of Technology and Innovation,Head of Technology
General Manager,General Manager
Chief Product Officer (CPO),CPO
CEO / Managing Director,CEO
Quality and Engineering Director,Director of Engineering
"COO, Authorized Managing Director",COO
President/CEO,CEO
CEO,CEO
Operations Director,Director of Operations
Director of Operations,Director of Operations
VP/GM,General Manager
CEO,CEO
Vice President Operations,VP of Operations
GeschÃ¤ftsfÃ¼hrer Brecht Feinmechanik GmbH,Managind Director
R&D Director,Director of R&D
Chief Operating Officer,COO
Operations Director,Director of Operations
Product Owner,Product Owner
CEO,CEO
Product Owner â¢ AI Platforms & Metaverse,Product Owner
Managing Director,Managing Director
"CTO, Co-founder",CTO
CEO,CEO
Managing Director,Managing Director
Managing Director,Managing Director
VP of Engineering,VP of Engineering
Co-Chief Executive Officer,Co-CEO
Director Operations,Director of Operations
Chief Executive Officer,CEO
Product Manager,Product Manager
CEO,CEO
Chief Technology Officer,CTO
General Manager,General Manager
Product Manager,Product Manager
Co-Founder,Co-Founder
CTO,CTO
VP & General Manager,General Manager
"V.P., Engineering",VP of Engineering
CEO,CEO
CEO,CEO
Product Owner,Product Owner
Head of Engineering,Head of Engineering
Managing Director & Founder,Managing Director
Vice President of Software Engineering,VP of Software Engineering
COO - Chief Operating Officer,COO
Product Owner,Product Owner
CEO,CEO
CEO,CEO
Latour Capital / Gutor Electronic - CTO and Deputy CIO,CTO
Director of Operations,Director of Operations
Director of Operations,Director of Operations
Managing Director CoreDux NL,Managing Director
Managing Director,Managing Director
Director of Operations,Director of Operations
Director of Engineering,Director of Engineering
Operations Director,Director of Operations
Director of Operations,Director of Operations
President & CEO,CEO
Vice President of Operations,VP of Operations
Head of Operations & HR,Head of Operations
Managing Director,Managing Director
COO / CTO / Delivery Head / Enterprise Application Cloud Software Architect,CTO
Software Product Owner,Product Owner
"President, Co-Founder",President
CEO & Co-Founder,CEO
Chief Product Officer,CPO
Global Head of Product,Head of Product
Chief Technical Officer,CTO
Chief Operating Officer,COO
Director of Operations,Director of Operations
Product Manager,Product Manager
Co-Founder & COO,COO
CEO,CEO
Co-Founder & CEO,CEO
Head of Engineering,Head of Engineering
Managing Director,Managing Director
Senior Director Product & Marketing Management,Sr Director of Product
Chief Executive Officer,CEO
Leiter Operatives GeschÃ¤ft | COO,COO
Founder and CEO,CEO
Security Researcher / Founder & CEO,CEO
CEO,CEO
Operations Director,Director of Operations
CEO,CEO
Director of Operations,Director of Operations
Vice President of Operations,VP of Operations
Director of Operations,Director of Operations
Director of Information Technology,Director of IT
CEO,CEO
Director of Software Development,Director of Software Development
CTO Chez DeepReach,CTO
IT Director,Director of IT
Product Owner,Product Owner
Director of Operations,Director of Operations
CEO & Co Founder,CEO
Chief Operating Officer & Co-Founder,COO
CEO,CEO
CTO,CTO
CEO,CEO
Product Owner,Product Owner
Co-founder & CTO,CTO
CEO & Founder,CEO
Managing Director,Managing Director
Chief Operating Officer,COO
Product Owner,Product Owner
Product Owner,Product Owner
Chief Operating Officer,COO
CTO,CTO
Product Owner,Product Owner
Product Owner,Product Owner
"VP, Research and Development",VP of R&D
CEO,CEO
Director of Engineering,Director of Engineering
General Manager,General Manager
Director Innovation,Director of Innovations
Director Operations,Director of Operations
Director of Engineering,Director of Engineering
Director of Engineering,Director of Engineering
Managing Director,Managing Director
Managing Director,Managing Director
Director of Operations,Director of Operations
CEO,CEO
Managing Director,Managing Director
Chief Technology Officer,CTO
Product Manager,Product Manager
Founder and CEO,CEO
Chief Operating Officer,COO
Chief Operating Officer,COO
Chief Technology Officer,CTO
Chief Executive Officer,CEO
Head of Operations,Head of Operations
Chief Executive Officer,CEO
Co-Founder,Co-Founder
Managing Director,Managing Director
Chief Technology Officer,CTO
General Manager,General Manager
"Director, Product Management",Director of Product Management
CTO,CTO
MD,Managing Director
Vice President - Operations,VP of Operations
Chief Executive Officer,CEO
General Manager,General Manager
Head of Operation enzÂ® USA inc.,Head of Operations
"President, CEO Gericke Group",CEO
IT-Leiter / Head of IT,Head of IT
Director of Engineering IT,Director of Engineering
Managing Director,Managing Director
Vice President Operations,VP of Operations
Director Engineering IMU,Director of Engineering
Product Owner - Qi,Product Owner
Co-founder & CEO,CEO
CEO of Content IgniteÂ®,CEO
CEO,CEO
Managing Director,Managing Director
COO | Chef de Lâexploitation,COO
Director of Product Management and Applications,Director of Product Management
Founder,Founder
CEO,CEO
Chief Operating Officer,COO
Product Owner,Product Owner
Head of Engineering,Head of Engineering
Managing Director,Managing Director
Director of Engineering - R&D,Director of Engineering
Chief Executive Officer,CEO
CTO,CTO
Director of Operations,Director of Operations
Vice President Operations,VP of Operations
European Managing Director,Managing Director
Managing Director,Managing Director
GeschÃ¤ftsfÃ¼hrer / Chief Operating Officer,COO
VP of Engineering & Manufacturing,VP of Engineering
CEO,CEO
Managing Director,Managing Director
Co-Founder & CTO,CTO
"Director, Engineering",Director of Engineering
Director of Product Management,Director of Product Management
Managing Director,Managing Director
GeschÃ¤ftsfÃ¼hrer der Vinci Deutschland GmbH,Managind Director
Owner,Owner
Product Owner,Product Owner
COO,COO
COO,COO
Chief Executive Officer,CEO
Chief Operating Officer,COO
Product Manager,Product Manager
Chief Operating Officer and Co-Founder,COO
Chief Operating Officer,COO
Chief Technology Officer,CTO
Founding Team & Head of Operations,Head of Operations
Chief Operating Officer,COO
Chief Executive Officer,CEO
Managing Director,Managing Director
Tech Co-Founder & CPO,CPO
CEO,CEO
CEO,CEO
COO,COO
R&D Director,Director of R&D
Managing Director,Managing Director
CEO,CEO
Managing Director,Managing Director
R&D Director,Director of R&D
"Commercial, Marketing and Product Director",Director of Product
Vice President of Operations,VP of Operations
Co-founder & 3D Metrology Expert,Co-Founder
Head of Operations,Head of Operations
Chief Operating Officer,COO
Chief Executive Officer,CEO
Head of Product,Head of Product
Product Manager,Product Manager
Chief AI and Product Officer & Co-Founder,CPO
Product Director,Director of Product
CEO and Co-Founder,CEO
Co-CTO,Co-CTO
Managing Director,Managing Director
President and Founder,President
Chief Executive Officer,CEO
Managing Director,Managing Director
CEO,CEO
General Manager - North America,General Manager
Founder & CEO,CEO
General Manager,General Manager
Managing Director,Managing Director
Founder and CEO,CEO
Co-Founder,Co-Founder
Operations Director,Director of Operations
CEO,CEO
"Founder, CEO",CEO
CTO - Directeur de la Technique,CTO
General Manager,General Manager
Chief Technology Officer,CTO
Co-Founder & Managing Director,Managing Director
Head of Information Technology,Head of IT
Group Managing Director,Managing Director
CEO,CEO
Chief Information Officer,CIO
Vice President Engineering,VP of Engineering
Vice President Operations,VP of Operations
CEO,CEO
President & CEO,CEO
Director of Operations,Director of Operations
VP PST Agritech Division and General Manager Dosatron,General Manager
Managing Director,Managing Director
Chief Executive Officer,CEO
GeschÃ¤ftsfÃ¼hrer / COO,COO
CEO,CEO
Managing Director,Managing Director
Co Owner and Director,Co-Owner
Director of Operations,Director of Operations
CEO and Co-Founder,CEO
Chief Technology Officer,CTO
CEO,CEO
Managing Director,Managing Director
Managing Director,Managing Director
Co-Founder & CEO,CEO
CEO & Co-Founder,CEO
Product Owner,Product Owner
Head of Engineering,Head of Engineering
General Manager,General Manager
Co-Founder & CEO,CEO
Product Owner,Product Owner
Co-fondateur & CEO,CEO
Chief Executive Officer,CEO
Head of R&D Dept.,Head of R&D
CEO,CEO
Managing Director,Managing Director
"Managing Director, North America",Managing Director
Vice President Operations,VP of Operations
Chief Executive Officer,CEO
Director of Operations - US,Director of Operations
Managing Director (Geschaeftsfuehrer),Managing Director
Managing Director,Managing Director
Product Owner,Product Owner
"Director, Operations and Supply Chain",Director of Operations
Director of Operations,Director of Operations
Chief Executive Officer,CEO
Director of Information Technology,Director of IT
General Manager - PURspray Division of HMFT Inc.,General Manager
Directeur R&D,Director of R&D
Head of Operations,Head of Operations
Director of Operations,Director of Operations
Chief Operations Officer,COO
"Director, Engineering",Director of Engineering
Co-Founder & CEO,CEO
"Cofounder, President",Co-Founder
Chief Operating Officer,COO
Head of Operations,Head of Operations
Director of Operations,Director of Operations
Product Owner,Product Owner
Chief Technology Officer,CTO
Founder,Founder
Founder & CTO,CTO
Head of Product and Quality Assurance,Head of Product
CIO,CIO
CTO,CTO
Co-Founder and Chief Technical Officer,CTO
Founder,Founder
Chief Technology Officer,CTO
Founder and Director,Founder
CEO,CEO
CEO,CEO
Founder & Directeur,Founder
Co-founder & CEO,CEO
CEO,CEO
CEO,CEO
Director of Operations,Director of Operations
Head of Operations,Head of Operations
Managing Director,Managing Director
Chief Information Officer,CIO
Head of Software Development,Head of Software Development
CEO & Founder,CEO
Oprichter en Directeur,Founder
CEO,CEO
CEO and President,CEO
General Manager,General Manager
"Managing Director, Glasslining Europe, Zinswiller Site",Managing Director
Managing Director GCE Homecare and GasArc Group LTD,Managing Director
CEO,CEO
GeschÃ¤ftsfÃ¼hrer/CEO,CEO
CEO,CEO
President & CEO,CEO
General Manager,General Manager
Vice President of Operations,VP of Operations
CTO | Authorized Officer,CTO
VP of Engineering,VP of Engineering
GF,Managind Director
Owner,Owner
CEO,CEO
Chief Operating Officer,COO
Director of Engineering,Director of Engineering
Founder/CEO,CEO
Head of Product & Onboarding,Head of Product
Chief Operating Officer,COO
Chief Product Officer,CPO
VP of Engineering,VP of Engineering
Managing Director,Managing Director
CTO & Co-founder,CTO
Director of Operations,Director of Operations
CEO - Directeur General,CEO
CEO,CEO
Technical Director,Technical Director
Director of Engineering,Director of Engineering
Director of Engineering,Director of Engineering
GeschÃ¤ftsfÃ¼hrer | CTO,CTO
Chief Executive Officer,CEO
"Managing Director, Gebr. Pfeiffer MENA",Managing Director
Vice President of Quality and Engineering,VP of Engineering
Managing Director,Managing Director
Head of IT,Head of IT
European Operations Director,Director of Operations
Chief Product Officer,CPO
Chairman and Joint CEO,CEO
Co-Founder & COO,COO
Co-Founder and CEO,CEO
Director of Operations,Director of Operations
Chief Technology Officer,CTO
CTO & Head of IT,CTO
Co-Founder & CTO,CTO
Managing Partner & Co Founder,Co-Founder
Director of Marketing/IT,Director of IT
Director of Operations,Director of Operations
VP of Engineering at CleanSpace,VP of Engineering
Managing Director,Managing Director
General Manager,General Manager
Managing Director - Eepos Americas a Kito Crosby Company,Managing Director
VP and GM,General Manager
President and CEO,CEO
Head of IT,Head of IT
General Manager of Engineering,General Manager
Director of Procurement & Operations,Director of Operations
Managing Director,Managing Director
Chief Operating Officer,COO
Head of Development,Head of Development
Head of Product Management,Head of Product Management
Founder & CEO,CEO
Co-founder and CTO & CSO,CTO
Product Manager,Product Manager
Co-Founder & CTO,CTO
General Manager,General Manager
Chief Operating Officer,COO
Co-Founder and CEO,CEO
Chief Technology Officer,CTO
Director of Marketing and Operations,Director of Operations
CEO,CEO
Operations Director,Director of Operations
CTO,CTO
General Manager -Directeur GÃ©nÃ©ral,General Manager
President & CEO,CEO
Vice President of Operations,VP of Operations
Vice President of Operations,VP of Operations
General Manager / CEO & COO,CEO
Head of IT,Head of IT
Vice President - Operations,VP of Operations
Director of Engineering and Product Development,Director of Engineering
Technical Director,Technical Director
Managing Director,Managing Director
Managing Director,Managing Director
COO,COO
Managing Director,Managing Director
Director Marketing & Product Management,Director of Product Management
Global Head of Operations,Head of Operations
UK Finance and Operations Director,Director of Operations
Director Product Management,Director of Product Management
Product Manager,Product Manager
Head of Engineering,Head of Engineering
Chief Operating Officer,COO
Founder & Chief Product Officer,CPO
Managing Director,Managing Director
CEO,CEO
Chief Executive Officer,CEO
Chief Operations Officer I Dedicated CISO I C-suite Executive,COO
CTO / Co-founder,CTO
Operations Director,Director of Operations
Managing Director,Managing Director
Vice President of Operations,VP of Operations
CEO,CEO
Managing Director - Information Technology,Managing Director
General Manager,General Manager
Operations Director,Director of Operations
Managing Director,Managing Director
Co-Founder & CEO,CEO
Operations Director,Director of Operations
Vice President Engineering & Technical Services,VP of Engineering
Group Head of Engineering,Head of Engineering
CSO / CTO,CTO
Managing Director,Managing Director
General Manager - North American Regional Accounts,General Manager
Founder,Founder
Technical Director,Technical Director
Head of Information Technology,Head of IT
CTO,CTO
CTO,CTO
Product Manager,Product Manager
Chief Operating Officer,COO
Head of Engineering,Head of Engineering
General Manager Operations,General Manager
Director of Operations,Director of Operations
Chief Executive Officer,CEO
Product Owner - Stackit Kubernetes Engine,Product Owner
CEO,CEO
Managing Director,Managing Director
Head of Product Development,Head of Product Development
Director of Engineering,Director of Engineering
Chief Executive Officer,CEO
Innovation Director,Director of Innovations
Director of Operations,Director of Operations
Vice President of Engineering,VP of Engineering
Managing Director,Managing Director
Chief Operations Officer (COO),COO
Engineering Director,Director of Engineering
CEO,CEO
President and CEO,CEO
Chief Executive Officer,CEO
Managing Director BU MMAB,Managing Director
VP Manufacturing and Engineering,VP of Engineering
Technical Director,Technical Director
GeschÃ¤ftsfÃ¼hrer (Vorsitz),Managind Director
Co Owner,Co-Owner
CTO,CTO
Head of Product Development & Industrial Design,Head of Product Development
Managing Director,Managing Director
Chief Operating Officer,COO
CEO & Founder,CEO
Technical Director,Technical Director
CEO & Founder,CEO
Head of Operations,Head of Operations
Chief Technology Officer,CTO
Co-Founder & CFO,Co-Founder
CEO,CEO
Chief Operating Officer,COO
Managing Director,Managing Director
Chief Operating Officer,COO
CEO,CEO
Chief Executive Officer,CEO
Chief Executive Officer,CEO
GF,Managing Director
Managing Director,Managing Director
CEO,CEO
Vice President of IT,VP of IT
Chief Operating Officer,COO
Managing Director,Managing Director
Vice President Information Technology,VP of IT
General Manager,General Manager
CEO,CEO
Director Quality and Engineering,Director of Engineering
VP Global Engineering and Application Hydraulics,VP of Engineering
Chief Operating Officer,COO
Director of Engineering | Applied Research | Advanced Product Development | Regulatory Affairs,Director of Engineering
"Directeur ExÃ©cutif, Managing Director",Managing Director
Co-Founder & CTO,CTO
Head of Information Technology,Head of IT
Co-Founder & COO,COO
Head of Operations,Head of Operations
Managing Director,Managing Director
Director of Technology,Director of Technology
CEO,CEO
Chief Operating Officer,COO
Product Manager,Product Manager
Chief Executive Officer,CEO
CEO en Founder,CEO
Chief Executive Officer,CEO
Co-Founder & Co-CEO,Co-CEO
Co-Founder,Co-Founder
CIO,CIO
Vice President of Technology (CTO),CTO
Managing Director,Managing Director
Head of Digital & IT (DigIT),Head of IT
COO,COO
Head of IT,Head of IT
Chief Executive Officer,CEO
Managing Director (GM) - USA/Americas,Managing Director
Managing Director,Managing Director
Director of Operations,Director of Operations
VP - Operations and Finance,VP of Operations
Operations Director,Director of Operations
Vorstand | Chief Operating Officer (COO),COO
Managing Director,Managing Director
Leiter Softwareentwicklung,Head of Software Development
President and General Manager,General Manager
Senior Product Manager,Sr Product Manager
Chief Technology Officer,CTO
CEO,CEO
Head of Product Engineering,Head of Product Engineering
Chief Operating Officer,COO
Chief Product Officer,CPO
CEO & Founder,CEO
Chief Executive Officer,CEO
Product Manager,Product Manager
Co-founder and CEO,CEO
Owner,Owner
Product Manager,Product Manager
Product Manager,Product Manager
CEO & Founder,CEO
Head of Product,Head of Product
Technical Director,Technical Director
Co Founder & Developer,Co-Founder
Managing Director,Managing Director
Director Product Management,Director of Product Management
Chief Operations Officer,COO
Managing Director,Managing Director
Engineering V.P.,VP of Engineering
CEO,CEO
President/CEO,CEO
V.P. Engineering,VP of Engineering
Director of Operations,Director of Operations
COO,COO
"Executive Vice President, Chief Technology Officer",CTO
Executive Vice President Technology,CTO
President and CEO,CEO
Managing Director,Managing Director
Managing Director,Managing Director
Chief Operating Officer,COO
Business Owner,Owner
Head of Research and Development,Head of R&D
Managing Director,Managing Director
Managing Director,Managing Director
Managing Director,Managing Director
Head of Operations,Head of Operations
Director/General Manager - Skid Technology,General Manager
Managing Director,Managing Director
Chief Technology Officer,CTO
Daglig Leder / CEO,CEO
General Manager,General Manager
Director Engineering & Projects,Director of Engineering
Senior Global Engineering Director,Sr Director of Engineering
Head of Development,Head of Development
Head of Product Management,Head of Product Management
Co-Founder & CEO,CEO
General Manager,General Manager
General Manager,General Manager
Product Manager,Product Manager
COO,COO
Technical Product Owner,Technical Product Owner
Product Owner,Product Owner
Chief Executive Officer,CEO
Founder,Founder
Director of Information Technology,Director of IT
Chief Executive Officer,CEO
COO,COO
CFO & Deputy CEO | Board Member,CEO
General Manager,General Manager
"VP Global, Corporate Planning & Engineering",VP of Engineering
Director of Engineering,Director of Engineering
Managing Director,Managing Director
CTO,CTO
Managing Director,Managing Director
Chief Executive Officer,CEO
Managing Director,Managing Director
Ceo/coo,CEO
Managing Director,Managing Director
CEO,CEO
Managing Director,Managing Director
CEO,CEO
Managing Director,Managing Director
Chief Executive Officer,CEO
Product Owner,Product Owner
"Director, Chief Technical Officer",CTO
Head of Operations,Head of Operations
Director of Operations,Director of Operations
Chief Executive Officer (CEO),CEO
Managing Director,Managing Director
Managing Director,Managing Director
Founder and CEO,CEO
Chief Product Officer,CPO
Chief Executive Officer,CEO
Operations Director,Director of Operations
Chief Technology Officer,CTO
Chief Executive Officer & President,CEO
Managing Director,Managing Director
Chief Operating Officer,COO
CEO,CEO
Vice President Research & Development,VP of R&D
CEO,CEO
Managing Director,Managing Director
Chief Executive Officer,CEO
Director of Operations,Director of Operations
"General Manager, General Affairs and Director of Human Resources",General Manager
CTO & Cofounder,CTO
"General Manager, Ireland",General Manager
Chief Operating Officer,COO
Co-Founder & CEO,CEO
Dir Product Development,Director of Product Development
Co-founder & COO,COO
Head of Operations,Head of Operations
Chief Executive Officer,CEO
CEO and Co Founder,CEO
Managing Director,Managing Director
Co-Founder,Co-Founder
CEO,CEO
co-CEO,Co-CEO
CEO - Founding Partner,CEO
Director Operations,Director of Operations
Head of Operations,Head of Operations
Platform Team Product Owner,Product Owner
CTO,CTO
"CEO and President, Founder, Board Member",CEO
Chief Executive Officer,CEO
Head of Operations Plant III,Head of Operations
"President, CEO",CEO
Chief Executive Officer,CEO
CEO,CEO
Director of Product Management,Director of Product Management
Managing Director,Managing Director
Chief Technical Officer,CTO
Head of Operations,Head of Operations
Director of Operations,Director of Operations
Director of R&D,Director of R&D
GM / Development,Managing Director
General Manager,General Manager
Director of Technology and Innovation,Director of Technology
CEO,CEO
COO / Directeur des OpÃ©rations,COO
CTO,CTO
Director of Engineering,Director of Engineering
Director of Engineering,Director of Engineering
Technology Director,Director of Technology
Founder / CEO,CEO
"Founder, CEO",CEO
Director of IT,Director of IT
Managing Director,Managing Director
Chief Technology Officer,CTO
Chief Technology Officer,CTO
Co-Founder & COO,COO
Chief Executive Officer,CEO
Operations Director,Director of Operations
Senior Product Manager,Product Manager
Technical Director,Technical Director
CEO & Co-Founder at Florbs,CEO
Managing Director,Managing Director
Head of Product,Head of Product
Co-Founder & Technology Product Manager,Product Manager
Chief Technology Officer,CTO
CEO,CEO
Managing Director,Managing Director
Senior Product Owner,Sr Product Owner
co-CEO,Co-CEO
Group Operations Director,Director of Operations
COO,COO
CEO,CEO
Managing Director,Managing Director
Managing Director | Product and Business Growth,Managing Director
GeschÃ¤ftsfÃ¼hrer / CEO,CEO
CEO,CEO
Directeur OpÃ©rationnel et Informatique,Director of Operations
Managing Director - Directeur General,Managing Director
Unternehmer/ CEO,CEO
"Senior Vice President, Operations & Caribbean",SVP of Operations
Director of Operations,Director of Operations
GeschÃ¤ftsfÃ¼hrer / Managing Director at Gasmet Technologies GmbH,Managing Director
Vice President / R&D,VP of R&D
Director of Operations,Director of Operations
Director of Operations,Director of Operations
CEO,CEO
President and CEO,CEO
Director - Operations & Talent Management,Director of Operations
Operations Director,Director of Operations
Managing Director,Managing Director
Director of Information Technology,Director of IT
Managing Director,Managing Director
General Manager,General Manager
General Manager,General Manager
Managing Director,Managing Director
Managing Director,Managing Director
Managing Director,Managing Director
General Manager - Home Products,General Manager
Vice President of Global Operations,VP of Operations
Chief Technology Officer,CTO
Founder & CEO,CEO
Senior Product Manager,Sr Product Manager
Product Manager,Product Manager
CEO,CEO
Chief Executive Officer,CEO
Chief Operating Officer,COO
Chief Operating Officer,COO
Director of Information Technology,Director of IT
Leiter Softwareentwicklung,Head of Software Development
Engineering Director,Director of Engineering
Director of Product Management,Director of Product Management
Executive Director and General Manager,General Manager
Operationeel Directeur (COO),COO
Chief Executive Officer,CEO
Head of IT,Head of IT
Director of Operations,Director of Operations
Head of Engineering/Teknisk Chef,Head of Engineering
CEO,CEO
"GeschÃ¤ftsfÃ¼hrer | People, Organization & Culture",Managing Director
COO,COO
Managing Director Germany,Managing Director
VP / General Manager International,General Manager
Director of Operations at Costex,Director of Operations
COO,COO
Chief Executive Officer,CEO
CEO,CEO
Managing Director,Managing Director
Director of Operations,Director of Operations
Chief Technical Officer,CTO
Head of Operations,Head of Operations
Chief Operating Officer,COO
Chief Technology Officer,CTO
Chief Technology Officer,CTO
Chief Financial & Operating Officer,COO
MD,Managing Director
Senior Product Manager,Sr Product Manager
"Founder, CTO",CTO
Chief Operating Officer,COO