Company Name for Emails,Right Company Name
Aiforia,Aiforia
Eisenbeiss,Eisenbeiss
Thermo-Calc,Thermo-Calc
Carmenta,Carmenta
Smartinfo,Smartinfo
Fogmaker International AB,Fogmaker
BRP,BRP
PinMeTo,PinMeTo
Grassfish,Grassfish
Mercur,Mercur
Limina,Limina
Appva,Appva
Maranics,Maranics
Reason Studios,Reason Studios
Synkzone,Synkzone
Boards On Fire,Boards On Fire
Madden Analytics,Madden Analytics
Brilliant Future,Brilliant Future
Awaio,Awaio
Freja eID,Freja eID
Abacus,Abacus
Arcon,Arcon
Threema,Threema
Nevis Security,Nevis Security
Buchiglas,Buchiglas
Copresence,Copresence
XITASO,Xitaso
Babtec,Babtec
Floy,Floy
Pansoma,Pansoma
4voice,4voice
Alcedis,Alcedis
Once Upon Publishing,Once Upon Publishing
XLN Audio,XLN Audio
BYteWare,BYteWare
daily health insurance group,Daily Health
West-Com,West Com
TOPdesk Netherlands BV,TOPdesk
Powercast,Powercast
Flow Sciences,Flow Sciences
Scratch Financial,Scratch Financial
Ludi,Ludi
Current Health,Current Health
CERIS,Ceris
PLEXIS Healthcare,Plexis Healthcare
Silna,Silna
maxRTE,maxRTE
RemetricHealth,Remetric Health
Sapio Sciences,Sapio Sciences
Gozio Health,Gozio Health
Life Science Products,Life Science
Quail Digital,Quail Digital
Novus Medical,Novus Medical
Consultant Connect,Consultant Connect
Kara Connect,Kara Connect
Securecell AG,Securecell
Dimplex Thermal Solutions,Dimplex Thermal
Timeless Medical,Timeless Medical
Qbtech,Qbtech
Wild & KÃ¼pfer AG,Wild Kuepfer
doxy.me,Doxy
ottonova,Ottonova
Open Medical,Open Medical
BioAro,BioAro
Juniper Education,Juniper Education
Array Behavioral Care,Array Behavioral Care
Accelsiors CRO,Accelsiors CRO
TruCorp,TruCorp
PASS by everyLIFE,everyLIFE
goodscare,Goodscare
Smart Data Solutions,Smart Data
SeqOne,SeqOne
T&O LabSystems,T&O LabSystems
Qualitelis,Qualitelis
RMD,RMD
10ZiG Technology,10ZiG
SIDN B.V,SIDN
EXUS,Exus
Multi Tankcard,Multi Tankcard
GPS Time,GPS Time
Camascope,Camascope
Feinmetall North America,Feinmetall
Memmert USA,Memmert
B2Gnow,B2Gnow
DermPROÂ®,Derm Pro
Waitwhile,Waitwhile
BlytzPay,Blytz Pay
Therapy iQ,Therapy iQ
RadarFirst,Radar First
heva,Heva
USERGUEST,Userguest
Dishop,Dishop
Luniwave,Luniwave
1CHECK,1check
Koust,Koust
Valicare B.V,Valicare
Workstep BV,Workstep
Machinefabriek Van Rijn bv,Machinefabriek Van Rijn
Sarco Packaging,Sarco Packaging
Glunz & Jensen A/S,Glunz & Jensen
Haarup Maskinfabrik A/S,Haarup
framag Industrial Plant Construction,Framag
Qlear,Qlear
Valu8,Valu8
EDRMedeso,EDRMedeso
Westpay,Westpay
Novacura,Novacura
PhenixID,PhenixID
ELME Spreader AB,ELME
Millistream,Millistream
OneLab,One Lab
Preglife,Preglife
Dellner Bubenzer Benelux bv,Dellner Bubenzer
Supernormalâ¢,Supernormal
GCE Medical,GCE Group
Emile EGGER Wangen SZ,Eggerpumps
Begasoft,Begasoft
Progel,Progel
Xmatik,Xmatik
PXL Vision,PXL Vision
Winbiz,Winbiz
Komgo,Komgo
Alohi,Alohi
Gutor,Gutor
temp-rite International,Temp-Rite
STL GmbH Stuttgart,STL
Smartify IT Solutions,Smartify IT
Dosing,Dosing
ZELTWANGER Group,Zeltwanger
KMS,KMS
KUMAVISION AG,Kumavision
EWIKON HeiÃkanalsysteme,Ewikon
Smart Reporting,Jacobian
FibreCoat,FibreCoat
NordicNeuroLab,Nordic Neuro Lab
Pallon,Pallon
Seen.io,Seen
speexx,Speexx
Hartmann Valves,Hartmann Valves
TTS Trusted Technologies and Solutions,TTS
Reynders Etiketten nv,Reynders Etiketten
Founda,Founda
Interlace Health,Interlace Health
Prep MD,Prep MD
Subtle Medical,Subtle Medical
BITMARCK,Bitmarck
O'Hara,O'Hara
CURIS System,Curis System
iCare Financial,iCare Financial
Adagio Medical,Adagio Medical
Pulse Biosciences,Pulse Biosciences
Sully AI,Sully
tango,Tango
Clarity,Clarity
Revive,Revive
9amHealth,9amHealth
Connors Group,Connors
basebox,Basebox
QT Medical,QT Medical
inHEART,inHEART
MTT,MTT
Novari Health,Novari Health
Laubscher PrÃ¤zision AG,Laubscher
TESSAN,Tessan
Sirius Medical,Sirius Medical
moka.care,Moka Care
Luminate,Luminate
Thatch,Thatch
Kenko,Kenko
CKM Shared Services,CKM Shared
OrderlyMeds,Orderly Meds
FitnessPlayer,Fitness Player
Xpress Health,Xpress Health
Stride EMR Solutions for Outpatient Rehab Practices,Stride EMR
Molecular You,Molecular You
Simango,Simango
Predilife,Predilife
Alcomy,Alcomy
Una Health,Una Health
CoLoop,CoLoop
Kinetic-ID,Kinetic-ID
Corilus,Corilus
Aimms,Aimms
Afas,Afas
Future,Future
ITS,ITS
MKG,MKG
Intermax,Intermax
Titanium Solutions,Titanium Solutions
Ruleguard,Ruleguard
MediShout,MediShout
TrueLark,True Lark
Spinwheel,Spinwheel
UBAQ,UBAQ
INYUS,Inyus
Myli,Myli
Basilyk,Basilyk
Cotes A/S,Cotes
Black Tusk,Black Tusk
Cetrez,Cetrez
DigiProc,Digi Proc
Ochno,Ochno
Subtonomy,Subtonomy
Meta,Meta
Dustcontrol Group,Dustcontrol
Appostrophe,Appostrophe
Waytobill,Waytobill
Agronod,Agronod
High Estate,High Estate
ID Mobile,ID Mobile
Akselos,Akselos
Bi Genius,Bi Genius
Inventsys,Inventsys
heyPatient AG,heyPatient
Gericke Group,Gericke
Morgen,Morgen
FISCHER Spindle Group AG,FISCHER Spindle
Noimos,Noimos
SciY,SciY
Medizinio,Medizinio
TÃV Informationstechnik,TUV
DORST,Dorst
nal von minden,Nal Von Minden
DREISTERN,Dreistern
EKATO GROUP,Ekato
Scifeon,Scifeon
secrypt,Secrypt
P&L Nordic,P&L Nordic
Compleo,Compleo
blink.it GmbH c/o Regus Darmstadt,Blink
AMBOSS,Amboss
Gpi Tanks & Process Equipment,GPI
Intiveo,Intiveo
AltaThera Pharmaceuticals,AltaThera Pharma
Vitable Health,Vitable Health
Cecelia Health,Cecelia Health
Green Circle Life,Green Circle Life
Engilico Engineering Solutions NV,Engilico
WelcomeWare,Welcome Ware
Collaborative Drug Discovery,Collaborative Drug
Cancard,Cancard
Rods&Cones,Rods&Cones
Animal HealthLink,Animal HealthLink
Parsley Health,Parsley Health
Peppy,Peppy
Merrion Fertility,Merrion Fertility
AuST Group,AuST Group
KPT,KPT
Azalea Health,Azalea Health
Zenicor Medical Systems AB,Zenicor
Planmeca,Planmeca
32Co,32Co
SISU Health,SISU Health
TimelyCare,Timely Care
Let's Talk,Let's Talk
Satellic,Satellic
Impala Studios,Impala Studios
Vcare Connect,Vcare Connect
Superlinear,Superlinear
Luminance,Luminance
Plek,Plek
CoolProfs,Cool Profs
PI Electronique,PI Electronique
Sinch Mailgun,Sinch Mailgun
DataGrail,Data Grail
Remitter,Remitter
Strike Graph,Strike Graph
OneNotary,One Notary
Scripta Insights,Scripta Insights
Kodex,Kodex
Paramify,Paramify
ComplyKEY,Comply Key
ZenGRC,ZenGRC
Obypay,Obypay
CarrÃ©POS,CarrePOS
TRYBE,Trybe
Lyf,Lyf
Desmedt Labels,Desmedt Labels
Koninklijke Hordijk,Koninklijke Hordijk
Laurijsen Weegautomaten Dongen,LWA
OPACKGROUP,Opackgroup
Ameba,Ameba
Capably,Capably
Contact Base,Contact Base
Cydea,Cydea
Freetobook,Freetobook
Apron,Apron
Hive,Hive
Hoopla Digital,Hoopla Digital
Inprova,Inprova
Nuvo Prime,Nuvo Prime
Odro,Odro
Oomph Made,Oomph Made
FabricAir,FabricAir
pascom Kommunikationssysteme,Pascom
Kaisa,Kaisa
Nilex,Nilex
Aptic,Aptic
Algoryx,Algoryx
Planima,Planima
Waya,Waya
Crona,Crona
Code Scene,Code Scene
Zeali D,Zeali D
Skola24,Skola24
Purspot,Purspot
Artologik,Artologik
Fairgate,Fairgate
CP Pumpen AG,CP Pumpen
Investment Navigator,Investment Navigator
Olympe,Olympe
Viac,Viac
Yarowa,Yarowa
Softwarehaus,Softwarehaus
Post Sanela Health AG,Post Sanela
LeitArt,Leit Art
mbits imaging,Mbits Imaging
Wawibox,Wawibox
DYNAMED,Dynamed
Realists Training,Realists Training
RA Radiology Advanced,Radiology Advanced
EBARA Precision Machinery Europe,EBARA
Frerk Aggregatebau,Frerk Aggregatebau
eHealth Experts,eHealth Experts
CW Bearing,CW Bearing
GFH,GFH
Vertama,Vertama
Quantum,Quantum
tts Knowledge Products,TTS
TUTORize,Tutorize
Papilio,Papilio
Quarticle,Quarticle
Prosmart,Prosmart
Clearwave,Clearwave
Freezerworks,Freezerworks
Yuma,Yuma
Alconox,Alconox
Carolina Components Group,Carolina Components
NexHealth,Nex Health
Aidin,Aidin
CareClix,Care Clix
Soberlink,Soberlink
Vori Health,Vori Health
Vynca,Vynca
EZDERM,Ezderm
Hooray Health,Hooray Health
New Horizon Medical Solutions,New Horizon Medical
SweetSpotâ¢,Sweet Spot
Musqet,Musqet
AssurX,AssurX
Blue Line A/S,Blue Line
Imagic Medical AG,Imagic Medical
QAELUM,Qaelum
MedMij,MedMij
Healthera,Healthera
ixlayer,Ixlayer
Big Health,Big Health
Voice Products,Voice Products
Practice Fusion from Veradigm,Practice Fusion
Phagenesis,Phagenesis
Alleva,Alleva
Uncountable,Uncountable
LIO,LIO
MEG,MEG
Encord,Encord
Synthesis Health,Synthesis Health
LumaVision,Luma Vision
RAUMEDIC AG,Raumedic
WPA Health Insurance,WPA
GroupStrength Benefits Direct,GroupStrength Benefits
Skedulo,Skedulo
Sembach GmbH & Co. KG,Sembach
Hemo Cue,Hemo Cue
Nightingale Health,Nightingale Health
EMHware,EMHware
GENinCode Predictive Genetics,GENinCode
Kwark,Kwark
Key IVR,Key IVR
Camas IT,Camas IT
Itsme,Itsme
LGN,LGN
Calvi,Calvi
Ouat,Ouat
XYB,XYB
Vindicia,Vindicia
DSN,DSN
Source Intelligence,Source Intelligence
IgniteData,Ignite Data
QLess,QLess
Clinically AI,Clinically
Parmenion,Parmenion
MAPAL OS,Mapal OS
Agendrix,Agendrix
DYNASET,Dynaset
Holger Hartmann OY,Holger Hartmann
Talkamatic,Talkamatic
Fagerberg,Fagerberg
Werlabs,Werlabs
Spider Ads,Spider Ads
Merit,Merit
Stockfiller,Stockfiller
Repli5,Repli5
Personalkollen,Personalkollen
Aidn,Aidn
Good Solutions,Good Solutions
Dacadoo,Dacadoo
iTrust,iTRUST
Unblu,Unblu
Pedco,Pedco
Guuru,Guuru
Anapaya,Anapaya
Evooq,Evooq
Robonnement,Robonnement
Net Fabric,Net Fabric
Bachmann,Bachmann
LPW Reinigungssysteme,LPW Reinigungssysteme
Elektror airsystems,Elektror
Famedly,Famedly
HAVER & BOECKER NIAGARA,Haver Boecker
Funke WÃ¤rmeaustauscher Apparatebau,Funke
Planerio,Planerio
H2O GmbH. Leaders in Zero Liquid Discharge,H2O
soffico,Soffico
Mentice,Mentice
Big Omics,Big Omics
VanDerEng BV,VanDerEng
Life Science Nord Management,LSNM
AFAS Software B.V,AFAS
AMAG,NC AG
Billink,Billink
GetHarley,Get Harley
HealthCare Strategies,HealthCare Strategies
Adviscent,Adviscent
Fifth Dimension,Fifth Dimension
BMT USA,BMT
CurifyLabs,Curify Labs
Compass Marine Medical,Compass Marine Medical
StationMD,Station MD
Avel eCare,Avel eCare
Wellnecity,Wellnecity
Advanta Biometrics,Advanta Biometrics
Nijdra Special Products B.V,Nijdra
Repisodic A Trella Health Solution,Repisodic
Clean Air,Clean Air
MRG,MRG
SilverFit,SilverFit
MediReport,Medi Report
Open Practice,Open Practice
Axomove,Axomove
Vatech UK,Vatech
Dalma,Dalma
EverHealth,Ever Health
Cannaleo Digital,Cannaleo Digital
Monmouth,Monmouth
Hoppen,Hoppen
Maple,Maple
Medbelle,Medbelle
Denti.AI,Denti
Posit PBC,Posit PBC
Niverplast BV,Niverplast
BKWI,BKWI
Nexudus,Nexudus
GCH Test,GCH Test
GouwIT,GouwIT
MUSO,MUSO
PNA,PNA
Iplicit,Iplicit
Blue10,Blue10
SÃMEIA,Semeia
Smart Media,Smart Media
Valk Solutions,Valk Solutions
Vecos,Vecos
Yavin,Yavin
Net Match,Net Match
BlueVi,BlueVi
Nucleus,Nucleus
Yom,Yom
Sanday,Sanday
Mailprotector,Mailprotector
SAI360,SAI360
Virtru,Virtru
IMEC,IMEC
finHealth,Fin Health
Health Connected,Health Connected
Cogniss,Cogniss
QuantumLoopAi,Quantum Loop
equipifi,Equipifi
Shoreline Medical Administration,Shoreline Medical Admin
SKRIBER,Skriber
Alita,Alita
AMUSOIRE,Amusoire
Gammeo,Gammeo
Intersolia,Intersolia
WH Group,WH Group
Scila,Scila
Mavenoid,Mavenoid
Crosser,Crosser
Opti,Opti
Mediaflow,Mediaflow
Bazaro,Bazaro
Dise,Dise
Flasheye,Flasheye
Imvi Labs,Imvi Labs
Gmelius,Gmelius
Octopus Cloud,Octopus Cloud
Auto Sense,Auto Sense
Aiaibot,Aiaibot
Cannavigia,Cannavigia
RogerHR,RogerHR
Dgtis,Dgtis
ScableOne,Scable One
DINA Elektronik,DINA
Booking Health,Booking Health
DUNGS Combustion Controls,Dungs
DTM,DTM
Gurock,TestRail
vitagroup AG,Vitagroup
SANALOGIC Solutions,Sanalogic
solutio,Solutio
FELDER GMBH LÃ¶ttechnik,Felder
di-soric GmbH & Co. KG,Di-soric
Dienes Werke,Dienes
Fischer Knoblauch & Co. Medienproduktions. GmbH & Co. KGaA,FKC
Ellisys,Ellisys
Versasec,Versasec
Cara Care,Cara Care
Doove,Doove
Handeln.de,Handeln
Codipack bv,Codipack
Verista,Verista
Vynes,Vynes
Delfina,Delfina
AMC Health,AMC Health
ChartRequest,Chart Request
Agadia,Agadia
Lucent Health,Lucent Health
Iris Telehealth,Iris Telehealth
Patient Guide Solutions,Patient Guide
FreedomPay,Freedom Pay
Rezilient Health,Rezilient Health
Borderless,Borderless
meso international,Meso
Thomson Instrument Company,Thomson Instrument
Magna,Magna
SciBase,Sci Base
CapsoVision,Capso Vision
SightCall,Sight Call
LYRA ETK,LYRA ETK
Proximie,Proximie
Kii Health,Kii Health
LifeLearn Animal Health,LifeLearn
Hop,Hop
Generali Employee Benefits,GEB
Core Imaging,Core Imaging
LifeMD,LifeMD
Mediq-Remedus,Mediq-Remedus
Spectrum.Life,Spectrum Life
CoreDux,CoreDux
VitalHub,Vital Hub
OpusVi,OpusVi
Recite Me,Recite Me
Secure Cloud,Secure Cloud
VHIC,VHIC
Shared,Shared
COMBO,Combo
CashMag,Cash Mag
Cloud Suite,Cloud Suite
Agro Cares,Agro Cares
Dusk,Dusk
Fusion,Fusion
Mallon,Mallon
Spend Cloud,Spend Cloud
Vaultree,Vaultree
Kolibri,Kolibri
TIMi,Timi
Meili,Meili
Vooruit,Vooruit
Unite Us,Unite Us
Viewpost,Viewpost
DocFinder,DocFinder
DocTract,DocTract
SlicedHealth,Sliced Health
CASH SYSTEMES INDUSTRIE,CASH Systemes
Shopcaisse,Shopcaisse
Smice,Smice
DVORE BUSINESS INTELLIGENCE,Dvore
Cook-e,Cook-e
Revbell,Revbell
CLIKING,Cliking
Inpulse,Inpulse
Eltronic FuelTech,Eltronic FuelTech
Geislinger,Geislinger
Trapets,Trapets
Fieldly,Fieldly
Capish,Capish
Humly,Humly
Huhnseal AB,Huhnseal
FOODTECH,Foodtech
Hydroscand Group,Hydroscand
Workify,Workify
Lesslie,Lesslie
My Telescope,My Telescope
Cappy,Cappy
Remotive Labs,Remotive Labs
Stru Soft,Stru Soft
Refapp,Refapp
The Screener,The Screener
4teamwork,4teamwork
Enz,Enz
Voicepoint AG,Voicepoint
Star Micronics,Star Micronics
Fidectus,Fidectus
Allindex,Allindex
medudoc,Medudoc
Wise Key,Wise Key
IT Processing,IT Processing
TeleClinic,Tele Clinic
HelloBetter,Hello Better
D-Trust,D-Trust
heyData,Hey Data
F & K DELVOTEC Bondtechnik,F&K Delvotec
365Id,365id
Avtech,Avtech
Elite Simulation,Elite Simulation
Mobilosoft,Mobilosoft
Technische Hochschule Mannheim,Technische Hochschule
Raxia,Raxia
Track My,Track My
Genesis Packaging,Genesis Packaging
Ace Sanitary,Ace Sanitary
SAL Navigation,SAL Navigation
Innovative Health,Innovative Health
Form Health,Form Health
CheckUps by PathFinder Health,PathFinder Health
BookJane,Book Jane
Cleo,Cleo
Contronics,Contronics
Dortek,Dortek
MedicalPHIT,MedicalPHIT
AllyDVM,AllyDVM
MediKeeper,Medi Keeper
Jayex,Jayex
Swift Medical,Swift Medical
Arthrex France,Arthrex
MEDADOM,Medadom
Kaia Health,Kaia Health
Jubo Health,Jubo Health
Lindus Health,Lindus Health
ClaimDOC,Claim Doc
De Heer Medicom B.V,De Heer Medicom
Withings Health Solutions,Withings Health
TEALE,Teale
ClickCare,Click Care
Loyco,Loyco
Bell-Mark,Bell-Mark
Eirich Machines,Eirich Machines
Firstcom,Firstcom
LUNDI MATIN,Lundi Matin
Jem-id,Jem-id
9292,9292
Sorry,Sorry
Cloudwise,Cloudwise
Nebula,Nebula
Threedium,Threedium
Cloudteam,Cloudteam
Bundeling,Bundeling
Mikroscan,Mikroscan
HealthOne,Health One
ScreenMeet,Screen Meet
jrni,Jrni
Log my Care,Log my Care
TrustArc,Trust Arc
Anatomy Financial,Anatomy Financial
ClinicMind,Clinic Mind
Sunver,Sunver
LittleBill,Little Bill
SCorp-io,SCorp-io
ThaÃ¯s PMS,Thais PMS
Capitar Security BV,Capitar Security
Dataleaf B.V,Dataleaf
Altrimex Packaging Solutions bv,Altrimex
DUCAJU,Ducaju
Van Made B.V,Van Made
Zwager Techniek,Zwager Techniek
Chargee,Chargee
Colect,Colect
Cosmos Video,Cosmos Video
Lanterne,Lanterne
Level E Research,Level E Research
Limeglass,Limeglass
Procure Smart,Procure Smart
ELDAN Recycling A/S,Eldan Recycling
Oy Fision,Fision
COS,COS
Franson Tech,Franson Tech
Blue Cromos,Blue Cromos
Emarketeer,Emarketeer
Alva Labs,Alva Labs
Covr Security,Covr Security
Dooh Click,Dooh Click
Flintec,Flintec
Lum Risk,Lum Risk
Aurora's Grid,Aurora's Grid
DrM Dr. Mueller AG,DrM
Bhaasha,Bhaasha
Archlet,Archlet
Mindset,Mindset
Boomerang Ideas,Boomerang Ideas
Total Materia,Total Materia
Codos,Codos
Mediteo,Mediteo
BetterDoc,BetterDoc
HERMETIC-Pumpen,Hermetic Pumpen
ESSERT Robotics,Essert Robotics
Symex,Symex
Jonas & Redmann Automationstechnik,Jonas & Redmann
Was hab' ich? gGmbH,Was hab' ich
Sonia Solutions,Sonia
Gebr. Pfeiffer,Gebr.Pfeiffer
GROUP SCHUMACHER,Schumacher
HECHT Technologie,Hecht
HOMA Pumpenfabrik,HOMA Pumpenfabrik
Xolaris,Xolaris
Leissner,Leissner
Muntra,Muntra
Hans Folsgaard,Hans Folsgaard
IGEL Technology,Igel Tech
IntelliProve,Intelli Prove
BA Sciences,BA Sciences
IntrinsiQ Specialty Solutions,IntrinsiQ
Navi Group,Navi
Nicos group,Nicos
Frenda,Frenda
CirrusMD,CirrusMD
WellRithms,Well Rithms
Loopback Analytics,Loopback Analytics
TapestryHealth,Tapestry Health
Hicuity Health,Hicuity Health
Pelago,Pelago
SimpleTherapy,Simple Therapy
Champion Health,Champion Health
HPC COMPRESSED AIR,HPC
Collibra,Collibra
Neurovative Diagnostics,Neurovative Diagnostics
UNEEG Medical,UNEEG Medical
Skyflow,Skyflow
Easy-Laser,Easy-laser
Cardiac Insight,Cardiac Insight
moveUP,Move Up
Milvue,Milvue
Research Grid,Research Grid
QUALISOCIAL,Qualisocial
Stellartech Research,Stellartech
Skin Analytics,Skin Analytics
Polytex,Polytex
Volta Medical,Volta Medical
icometrix,Icometrix
Birdie,Birdie
Fertifa,Fertifa
INCOG BioPharma Services,INCOG BioPharma
Envitia,Envitia
TCC,TCC
Omerta,Omerta
Medihive,Medihive
EventMAP,EventMAP
Trustup,Trustup
Pabau Clinic,Pabau Clinic
Edgescan,Edgescan
Minddistrict,Minddistrict
Innoptus,Innoptus
TrueVault,True Vault
Tabz,Tabz
ShelterZoom,Shelter Zoom
MineOS,MineOS
Naq,Naq
Anecdotes,Anecdotes
Unified ComplianceÂ®,Unified Compliance
ZEST HACCP,ZEST HACCP
Fullwhere,Fullwhere
Nexbib,Nexbib
In Summa,In Summa
Promeso B.V,Promeso
TSC Connected Care,TSC Connected Care
Condair B.V,Condair
FLEXICO,Flexico
Rotero Holland bv,Rotero Holland
Skillpack,Skillpack
VH Vertical Packaging,VH Vertical Packaging
Zaadhof's Cartonnage Fabrieken,Zaadhof Cartonnagefabrieken
Spectrum Telecoms,Spectrum Telecoms
Supo,Supo
Wesley Media,Wesley Media
Cordeo,Cordeo
MVI AudioVisual,MVI AudioVisual
Keesing,Keesing
CCmath,CCmath
Digipharma,Digipharma
Nakko,Nakko
Skippify,Skippify
Sagacify,Sagacify
SYNAXION,Synaxion
Beebole,Beebole
Selinko,Selinko
Idex Online,Idex Online
Spatial Eye,Spatial Eye
IDFocus,IDFocus
Ideal,Ideal
Sprinter 3000,Sprinter 3000
Ranshuijsen,Ranshuijsen
Agiliz,Agiliz
Allsetra,Allsetra
Master Solutions,Master Solutions
Waratek,Waratek
NLnet Labs,NLnet Labs
MCH,MCH
CADkoop,CADkoop
Medsoc,Medsoc
OpenSesame ICT B.V,OpenSesame
SRC System Integrators,SRC
Geo Tracer,Geo Tracer
Stichting ECH,Stichting ECH
Future Insight,Future Insight
Zorgweb,Zorgweb
Packhunt,Packhunt
LeSS,LeSS
Cogenius,Cogenius
Niche Guardian,Niche Guardian
Eitje,Eitje
Rainmaker Business,Rainmaker Business
theMatchBox,theMatchBox
Ecanvasser,Ecanvasser
Bright Answers,Bright Answers
V-Tron B.V,V-Tron
Diana,Diana
Verweijen ICT,Verweijen ICT
Eppione,Eppione
WeSeeDo,WeSeeDo
Dynfos,Dynfos
Luxs,Luxs
Selection Lab,Selection Lab
DISPI,DISPI
Tiledmedia,Tiledmedia
Intent Architect,Intent Architect
Fin Reg,Fin Reg
Oddity,Oddity
MijnEigenPlan,MijnEigen Plan
Interay,Interay
Keypoint,Keypoint
Limecraft,Limecraft
Xpendy,Xpendy
Clearis,Clearis
Acta Blue,Acta Blue
Roseman Labs,Roseman Labs
Awesems,Awesems
Paperbox,Paperbox
Careweb,Careweb
NedFox,Ned Fox
Capella,Capella
Smart Office,Smart Office
Service Points,Service Points
Tekst,Tekst
Nano Grid,Nano Grid
One Fox,One Fox
Primio,Primio
KinetikIQ,KinetikIQ
Resoniks,Resoniks
Victoria-ID,Victoria-ID
StageMonitor,Stage Monitor
Beeminds,Beeminds
Stroomkr8,Stroomkr8
Prets,Prets
Nebul,Nebul
Next Human,Next Human
Oqcam,Oqcam
World of WOW,World of WOW
ZET solutions,Zet
Mobeyond,Mobeyond
AL Glove,AL Glove
CleanSpace,Clean Space
Daisy Data Displays,Daisy Data
Marlin Steel Wire,Marlin Steel Wire
ProSys Containment and Sampling Technology,ProSys
Savillex,Savillex
Medivise HealthCare,Medivise HealthCare
Oxhoo UK,Oxhoo
SAI Group,SAI
EP Solutions SA,EP Solutions
Protech Medical,Protech Medical
Sophion Bioscience,Sophion
Gecko Alliance,Gecko Alliance
Hyspan Precision Products,Hyspan
Efore,Efore
De Dietrich,De Dietrich Process
Greentank,Greentank
Dakota Fluid Power,Dakota Fluid Power
Commercial Tool Group,CTG
HUSSOR SAS,Hussor
Envirosep,Envirosep
Hobart Filler Metals,Hobart Filler Metals
FOAMit,FOAMit
eepos,Eepos
Elcometer Inspection Equipment,Elcometer Inspection
IBS Electronics Group,IBS Electronics
Cyclonaire- Pneumatic Conveying Solutions,Cyclonaire
Concentric AB,Concentric
Flexaseal Engineered Seals and,Flexaseal
Easy Kleen Pressure,Easy Kleen
Gronbach,Gronbach
Harmony Enterprises,Harmony
ESPEC North America,ESPEC
i2s Intelligente Sensorsysteme Dresden,i2s Sensorsysteme
EMC Precision,EMC Precision
JÃKE Systemtechnik,Jueke
SOLSTEO SAS,Solsteo
KKS Ultraschall AG,KKS Ultraschall
addSensors,Add Sensors
Aizip,Aizip
Ferrotec,Ferrotec
InPlay,InPlay
Texys America,Texys America
DAXTEN,Daxten
AuditComply,AuditComply
Kiplot,Kiplot
L&P,L&P Systems
MGS,MGS
Dessia,Dessia
Nauticoncept,Nauticoncept
Corporatings,Corporatings
Digimobee,Digimobee
Nopillo,Nopillo
Hurree,Hurree
Fanbase,Fanbase
Gardin Agritech,Gardin Agritech
Insource,Insource
Navarino,Navarino
GrÃ¶nska,Gronska
AMR ICT BV,AMR ICT
Moens Mouldings,Moens Mouldings
VIA Machinebouw,VIA Machinebouw
GWB,GWB
Kojair Tech Oy,Kojair Tech
Arkite,Arkite
Catalosite,Catalosite
Cintra,Cintra
Hammer Missions,Hammer Missions
Movetru,Movetru
Niice,Niice
Open Athens,Open Athens
Print Data,Print Data
ReallyEnglish,ReallyEnglish
TSS Infrastructure,TSS Infrastructure
Valerann,Valerann
Xentra,Xentra
Spinque,Spinque
Past Book,Past Book
Besco,Besco
Logic4 Business,Logic4 Business
FBO One,FBO One
Arekibo,Arekibo
Customer Gaige,Customer Gaige
Phonovation,Phonovation
Strandum HR,Strandum HR
Winfakt,Winfakt
Conspect,Conspect
Netinium,Netinium
Optifly,Optifly
BPI Services,BPI Services
Autoaddress,Autoaddress
Tranzaura,Tranzaura
Obasi,Obasi
Ezora,Ezora
Bundledocs,Bundledocs
Absoluta,Absoluta
DVI,DVI
Mr. Blocks,Mr. Blocks
BizzStream,BizzStream
F19 Digital Reporting,F19 Digital Reporting
Telasoft,Telasoft
Dap Tech,Dap Tech
Global Orange,Global Orange
Time Point,Time Point
Brendan&MacKenzie,Brendan&MacKenzie
Build-Software,Build-Software
Kred'it,Kred'it
TEAM Solutions,TEAM Solutions
Dileoz,Dileoz
One Third,One Third
Inpact,Inpact
Aqqo,Aqqo
Grippr Procurement,Grippr Procurement
iLeo,iLeo
Capptions,Capptions
Indica,Indica
Constru Steel,Constru Steel
BuymediaÂ®,Buymedia
Swipe Guide,Swipe Guide
Fhris,Fhris
Hex-Rays,Hex-Rays
Trainin,Trainin
IMI TWTG,TWTG
HI,HI Systems
CreAim,CreAim
Churned,Churned
Wequity,Wequity
File Linx,File Linx
Komexo,Komexo
Multios,Multios
Vary,Vary
FashionUnited,FashionUnited
Hyfen,Hyfen
Emaze,Emaze
Webador,Webador
Manual Master,Manual Master
HelloFlex,HelloFlex
Tender Experts.be,Tender Experts
Farminform,Farminform
DTACT,DTACT
D-Carbonize,D-Carbonize
Legalsense,Legalsense
Fleetconnect,Fleetconnect
Aginco,Aginco
Xafax,Xafax
OpusFlow,Opus Flow
Admisol,Admisol
Maya,Maya
Mensora,Mensora
Perciv AI,Perciv
Lead Bot,Lead Bot
Ecocharting,Ecocharting
SAVOIRR,Savoirr
Match Sense,Match Sense
ParagonERP,ParagonERP
Zeno,Zeno
Emakin,Emakin
Upxtream.com,Upxtream
OAASIS,OAASIS
ASI Doors,ASI Doors
Teknova,Teknova
MEQO,Meqo
NubiSoft,Nubi Soft
RedMimicry,Red Mimicry
RIWOlink GmbH â A Richard Wolf Company,RIWOlink
secunet Security Networks AG,Secunet
AsReader,AsReader
Familienet,Familienet
Central States Industrial,Central States Industrial
Griswold Controls,Griswold Controls
Dynavac,Dynavac
Gastops,Gastops
Diagraph an ITW Company,Diagraph
Flow Control Group,Flow Control
elobau,Elobau
EJOT ATF,Ejot Atf
Harvey Vogel Manufacturing Co,Harvey Vogel
Exactaform Cutting Tools,Exactaform
ept,EPT
Global Power Components,Global Power Components
Elm Electrical,Elm Electrical
Hydraulic Controls,Hydraulic
Gindele,Gindele
F&W Frey & Winkler,F&W
IFTEST AG,Iftest
E-Peas Semiconductor,E-Peas Semiconductor
Axces Emission Technology,Axces
TECKENTRUP DOOR SOLUTIONS,Teckentrup
VINCI Energies Deutschland Building Solutions,VINCI Energies
Envetec Sustainable,Envetec Sustainable
Dyneval,Dyneval
Black Pear,Black Pear
Keystone Talent Bank,Keystone
Joinerysoft,Joinerysoft
Billsby,Billsby
Mobiess,Mobiess
Lightworks,Lightworks
DMS Navigator,DMS Navigator
Arrago,Arrago
Dot Vision,Dot Vision
Apata,Apata
Melford,Melford
Carbon Re,Carbon Re
Coffee Break,Coffee Break
CPL,CPL Software
Adventoris,Adventoris
Azzuu,Azzuu
Bondaval,Bondaval
Crezco,Crezco
Gentian,Gentian
Kani,Kani
Acoustic Data,Acoustic Data
Marketing Radar,Marketing Radar
Kluster,Kluster
Zylio,Zylio
Mews Systems SARL,Mews
Blue Green solutions,Blue Green
Leviy,Leviy
Micpoint B.V,Micpoint
Spectralink Europe ApS,Spectralink
Reagena Oy,Reagena
4infinity,4infinity
Car Collect,Car Collect
Albertine,Albertine
Alps Education,Alps Education
Arenko,Arenko
Capture Expense,Capture Expense
Covatic,Covatic
Movemeon,Movemeon
Novia Global,Novia Global
Outra,Outra
Pollinate,Pollinate
Pro Data Stack,Pro Data Stack
Redthorn,Redthorn
Robot Center,Robot Center
RHE,RHE
Infowijs,Infowijs
Solvisoft,Solvisoft
Build Soft,Build Soft
Hyarchis,Hyarchis
eMagiz,eMagiz
Armac,Armac
UrbanFox,Urban Fox
Trusted-ID,Trusted-ID
Contact CenterLive,Contact CenterLive
TCAS Online,TCAS Online
ETS Info,ETS Info
NEO,NEO
De Innovatiespotter,De Innovatiespotter
Inex,Inex
Intermix,Intermix
Fiton,Fiton
ticketmatic,Ticketmatic
Xibis,Xibis
Pilot Photonics,Pilot Photonics
Ometa,Ometa
Bside,Bside
Cerme ICT,Cerme ICT
Cashbook,Cashbook
Watch-E,Watch-E
Qiox,Qiox
Praclox,Praclox
Erpopen,Erpopen
Convect,Convect
Ovotrack,Ovotrack
Talksome,Talksome
Omiteo,Omiteo
Winkwaves,Winkwaves
Aanbestedingskalender,Aanbestedingskalender
Kooomo,Kooomo
OVM,OVM
Copernica,Copernica
Qii,Qii
Conpend,Conpend
InTouch,InTouch
Net Feasa,Net Feasa
CR5,CR5
Tropos.io,Tropos
Renta,Renta
Reisbalans,Reisbalans
Pest Scan,Pest Scan
Wedigitek,Wedigitek
Altiore,Altiore
Cleverbase,Cleverbase
Azumuta,Azumuta
Twintag,Twintag
Fledge,Fledge
Esculine,Esculine
Zapptax,Zapptax
ZilliZ,ZilliZ
Robin,Robin
Master Art,Master Art
NextChapter eCommerce,NextChapter eCommerce
Pescheck,Pescheck
Lucinity,Lucinity
Fonto,Fonto
Data Kingdom,Data Kingdom
TimeTell B.V,Time Tell
StoryChief,Story Chief
Partnify,Partnify
L1nda,L1nda
QPIT BV,QPIT
Reg Lab,Reg Lab
Altheria,Altheria
MPL,MPL
Vurdere,Vurdere
NIXZ,NIXZ
Emproof,Emproof
Saysimple,Saysimple
Sita,Sita
Bendy,Bendy
Membrana Media,Membrana Media
FIGO,FIGO
Abcommerce,Abcommerce
Timeseer.AI,Timeseer
Mopinion,Mopinion
Energis,Energis
Maxem Energy Solutions,Maxem Energy
Premium Positioning,Premium Positioning
Halloy,Halloy
Marcando,Marcando
DuckDuck Goose,DuckDuck Goose
Hyva,Hyva
Invite Desk,Invite Desk
Mithra,Mithra
Tap Electric,Tap Electric
Salacia,Salacia
Aryzon World,Aryzon World
Wanscale,Wanscale
Boloo,Boloo
Truvity,Truvity
Konekti,Konekti
RheumaFinder,Rheuma Finder
eXo Fleets,eXo Fleets
Eco Soft,Eco Soft
Cordys Analytics,Cordys Analytics
WhatsExposed,Whats Exposed
Toertje,Toertje
Deep Sleep,Deep Sleep
HCA Strategies,HealthCare Strategies
Additel,Additel
CerCell A/S,CerCell 
Ezi-Dock,Ezi-Dock
JAMISON DOOR COMPANY,Jamison Door
MAGic BioProcessing,Magic BioProcessing
MicroClimate,Micro Climate
Nucleus Biologics,Nucleus Biologics
WLS,WLS
dotbase medical,Dotbase Medical
eHealth-Connect,eHealth-Connect
MiNDNET E-Health AG I I CH- ZÃ¼rich +49 1,MiNDNET
reif & mÃ¶ller diagnostic-network ag,Reif & Moller
UniWearables,UniWearables
BOXTEC,Boxtec
Opterus,Opterus
Dosatron International,Dosatron
EPIQ Machinery,EPIQ
Goudsmit Magnetics,Goudsmit Magnetics
Gray Manufacturing,Gray Manufacturing
ElectroCraft,ElectroCraft
Galvanic Applied Sciences,Galvanic
EK,EK Machine
ELSTEEL,Elsteel
Systems in Motion,Systems in Motion
ICE SAS,Ice Sas
Conviron,Conviron
GIFAS-ELECTRIC Switzerland,Gifas
Des-Case,Des-Case
Hystar,Hystar
Groupe FIDEIP,Groupe Fideip
Hensley Industries,Hensley
Hydro Group Ltd Connected by Trexon,Hydro Group
Hydraulic,Hydraulic
Haskel,Haskel
Fernco,Fernco
GN CORPORATIONS,GN
HaF Equipment,HaF Equipment
ERBESSD INSTRUMENTS,Erbessd-Instruments
Electro 80,Electro 80
Le Groupe Simoneau,Simoneau
Desert Aire,Desert Aire
ILIAS open source e-Learning e.V. KÃ¶ln,ILIAS
MedicalMountains,Medical Mountains
Embedded Works,Embedded Works
Krampitz Tanksystem,Krampitz Tanksystem
Smans,Smans
Shimadzu,Shimadzu
Acoustofab,Acoustofab
CellVoyant,CellVoyant
CureCollect,Cure Collect
Plasma Fresh,Plasma Fresh
Sustained,Sustained
Measure2improve,Measure2improve
Med Genesis,Med Genesis
Konsentus,Konsentus
Niico,Niico
Club DNA,Club DNA
Landstack,Landstack
Loop OEM,Loop OEM
Net AI,Net AI
Growth Invest,Growth Invest
Jena,Jena
Invotra,Invotra
Luggage Logistics,Luggage Logistics
Kolekti,Kolekti
Kuberno,Kuberno
Likezero,Likezero
Statutory Inspections,Statutory Inspections
Ttherapeutics,Ttherapeutics
Thorncliffe,Thorncliffe
Twin Science Robotics,Twin Science
Ultumus,Ultumus
Virtual Science,Virtual Science
Vnetrix,Vnetrix
WebIQ,WebIQ
Smart.pr,Smart
Claever,Claever
Vidatum,Vidatum
Agis Innovations,Agis Innovations
COVR,COVR
MrWork,MrWork
Cinnovate,Cinnovate
NEXTlegal,NEXTlegal
Caseware,Caseware
Datprof,Datprof
Nathean,Nathean
Copernicus,Copernicus
Fenetre,Fenetre
Prometheus,Prometheus
LDC,LDC
AdSysCo,AdSysCo
Sera,Sera
Customer Minds,Customer Minds
Icologiq,Icologiq
Androme,Androme
Pimm,Pimm
Inpute,Inpute
Tilaa,Tilaa
TouchStore,Touch Store
Autosociaal,Autosociaal
Ibis,Ibis
Flux,Flux
MoreApp,MoreApp
Picopoint,Picopoint
Simar Automatisering BV,Simar
Restomax,Restomax
Ikologik,Ikologik
Liemar,Liemar
DDBM,DDBM
Effect Connect,Effect Connect
Enterpryze ERP,Enterpryze ERP
ScreenCom,ScreenCom
Eclipse,Eclipse
Pluxbox,Pluxbox
Risk Challenger,Risk Challenger
Brains First,Brains First
Gat Labs,Gat Labs
Ulobby,Ulobby
ValidSign,Valid Sign
Shippr,Shippr
TalkJS,TalkJS
Fluxygen,Fluxygen
ThorbiQ,ThorbiQ
Fizyr,Fizyr
Rock.estate,Rock Estate
Proprli,Proprli
ORdigiNAL,ORdigiNAL
Research Manager,Research Manager
Feedback,Feedback
SevenLab,Seven Lab
Lodago,Lodago
Violet88,Violet88
Harvest Digital,Harvest Digital
Hellorider,Hellorider
Siip,Siip
Reward Chain,Reward Chain
Brincr,Brincr
Webhero,Webhero
Noesis,Noesis
Marple,Marple
Quasydoc,Quasydoc
Hello Container,Hello Container
Mbrella,Mbrella
Optios,Optios
McMain,McMain
ISI,ISI
Prezly,Prezly
Meet Aimy,Meet Aimy
Enersee,Enersee
Apexion,Apexion
Faktion,Faktion
Binarii Labs,Binarii Labs
Nicky,Nicky
AI Opener,AI Opener
Scolares,Scolares
Rembrandt,Rembrandt
Open Forest,Open Forest
Huracan Tech,Huracan Tech
Jentic,Jentic
Scenexus,Scenexus
Blippar,Blippar
Broadley-James,Broadley James
Central Research Laboratories,CRL
Mecart,Mecart
Tobin Scientific,Tobin Scientific
elmeas,Elmeas
Matrox Video,Matrox Video
Iiyama International,Iiyama
Motives AI,Motives
PervasID,PervasID
Virtualstock,Virtualstock
Atraverse Medical,Atraverse Medical
AtriCure,Atri Cure
G&H,G&H
ICAPE Group,ICAPE
Hytech-Pommec,Hytech-Pommec
CST Industries,CST
Equipment & Controls,Equipment&Controls
Control Associates,Control Associates
Gyptech,Gyptech
Gasmet Technologies Oy,Gasmet
GEW,GEW
EMT International,EMT International
CTI Systems S.Ã r.l,CTI Systems
Havtech,Havtech
E2M,E2M
Forwessun,Forwessun
Demaco Holland bv,Demaco
Actronic-Solutions,Actronic
BBF Sterilisationsservice,BBF Sterilisationsservice
Microdul,Microdul
Dracula,Dracula
Pedeo Hogedrukgieterij,Pedeo Hogedrukgieterij
Dataline Labs,Dataline Labs
MarketsIO,MarketsIO
Cloudline,Cloudline
Key ESG,Key ESG
Metamorf,Metamorf
Net Hub,Net Hub
Azeoo,Azeoo
Evidence B,Evidence B
Ecomm,Ecomm
Civico,Civico
ADT,ADT
Care Vision,Care Vision
Fu3e,Fu3e
Komainu,Komainu
Navro,Navro
Maybe,Maybe
Mixlr,Mixlr
Moneyinfo,Moneyinfo
Anove,Anove
Braincreators,Braincreators
Colijn IT,Colijn IT
Cvedia,Cvedia
Cyber Tec Security,Cyber Tec Security
Digital Iron,Digital Iron
Eleanor,Eleanor
Gifted Social,Gifted Social
Mathias,Mathias
Omega,Omega
Pharmaseekers,Pharmaseekers
Qgems,Qgems
Starsurg,Starsurg
The Ax,The Ax
The Makings,The Makings
Vida,Vida
Elevate Global,Elevate Global
DEM Machines,DEM Machines
Mediawind,Mediawind
Brite Wireless,Brite Wireless
Forcit,Forcit
Activity Stream,Activity Stream
Qenner,Qenner
Cobbler,Cobbler
Compare,Compare
Infinite Simulation Systems B.V,Infinite Simulation
Green Dino,Green Dino
PLM Xpert,PLM Xpert
Relyon,Relyon
Boxwise,Boxwise
Avantida,Avantida
Didata,Didata
Nostradamus ICT,Nostradamus ICT
Tweak,Tweak
Bince,Bince
Horus,Horus
Jibe,Jibe
Actia Telematics,Actia Telematics
Measure Works,Measure Works
Extendas,Extendas
Jobdigger,Jobdigger
Hoplr,Hoplr
PRDCT,PRDCT
Arch IT,Arch IT
Deltacast,Deltacast
Rednose,Rednose
Phronesys,Phronesys
ZorgNed Automatisering,ZorgNed
Strobbo,Strobbo
ubiqu,Ubiqu
Ellipsys,Ellipsys
Spencer,Spencer
Club Zap,Club Zap
Wolfpack,Wolfpack
Floow,Floow
MaPS System,MaPS System
Idaso,Idaso
Sailsense Analytics,Sailsense Analytics
Fleetback,Fleetback
Nalantis,Nalantis
WeAreFrank!,WeAreFrank
SmartTrackers,Smart Trackers
Apkiosk,Apkiosk
Kavel 10,Kavel 10
ActFact,ActFact
s-Lim,s-Lim
Corvus Drones,Corvus Drones
Baker Ware,Baker Ware
TogetrÂ®,Togetr
Deepdesk,Deepdesk
Xintec,Xintec
Unite-X,Unite-X
Catermonkey,Catermonkey
Diasbytes,Diasbytes
TrustBound GRC,Trust Bound
GSES,GSES
REWORC,Reworc
Digitaal Toegankelijk,Digitaal Toegankelijk
Settly,Settly
Novulo,Novulo
Caesar,Caesar
B_Robots,B_Robots
Matchlab,Matchlab
Johan,Johan
Compliance Wise,Compliance Wise
Cevinio,Cevinio
Delivery Match,Delivery Match
Facilitee,Facilitee
Hight,Hight
Onesix,Onesix
Grey Scout,Grey Scout
Court 1,Court 1
The MedGuide Company,The MedGuide
Send AI,Send
Apixa,Apixa
The Sharing Group,The Sharing
Lative,Lative
Leexi,Leexi
Scanman,Scanman
Buildbuild,Buildbuild
Homii,Homii
eData,eData
Wonka,Wonka
Vox AI,Vox
Karomia,Karomia
Any House,Any House
Markmi,Markmi
Cloud Crest,Cloud Crest
verity.global,Verity
AdvanceTEC,AdvanceTEC
M&O Perry Industries,M&O Perry
Particles Plus,Particles Plus
Polar Leasing Company,Polar Leasing
Polar Tech Industries,Polar Tech
Hagleitner Global Hygiene,Hagleitner
iTD,iTD
WAGNER health AG,Wagner Health
Market Dial,Market Dial
Profitmind,Profitmind
Refreshment,Refreshment
Selectamark Security,Selectamark Security
Storm Interface,Storm Interface
Zeal,Zeal
Defibrio,Defibrio
ERIKS FRANCE,Eriks France
CW Bearing USA,CW Bearing
Hytrans,Hytrans
Crane Pumps &,Crane Pumps
Fortress Safety,Fortress Safety
Cram-A-Lot,Cram-A-Lot
Forney,Forney
Gulmay L.T.D,Gulmay
Delta,Delta
Crown Technical,Crown
HB-Therm AG,HB-Therm
Dellner Polymer Solutions,Dellner Polymer
EMS Industrial,EMS Industrial
Hazemeyer,Hazemeyer
Ellimetal N.V,Ellimetal
Giga Energy,Giga Energy
GPA,GPA
Dunphy Combustion,Dunphy Combustion
PKT PrÃ¤zisions-Kunststoff-Teile,PKT
Brecht Feinmechanik,Brecht Feinmechanik
ekxide IO,Ekxide IO
BeFC SAS,BeFC
Rivercyte,Rivercyte
Hufschmied Zerspanungssysteme,Hufschmied
Bosch Sensortec,Bosch Sensortec
Siargo,Siargo
SiLC,SiLC
Partex Marking,Partex Marking
Pronomic,Pronomic
Aurosity,Aurosity
Gather,Gather
CleanLink,CleanLink
Katchr,Katchr
Bboss,Bboss
JCAD,JCAD
Little Green Button,Little Green Button
martee ai,martee ai
Chargepoly,Chargepoly
Calameo,Calameo
Hubicus,Hubicus
Emerald24,Emerald24
Happl,Happl
NC Squared,NC Squared
Marketpoint,Marketpoint
Limelight,Limelight
Calculus,Calculus
Komia,Komia
AI EDUCATION,AI EDUCATION
Inblick,Inblick
Adcase/Qlink,Adcase
Mextal B.V,Mextal
Squad Apps,Squad Apps
Van Breda B.V,Van Breda
Panhuijsen Verpakkingen,Panhuijsen Verpakkingen
4consult,4consult
Adswag,Adswag
Become IT,Become IT
Collect Go,Collect Go
Dan Global,Dan Global
Pearl Tech,Pearl Tech
Brim Chargers,Brim Chargers
Gyre,Gyre
Incuto,Incuto
Kirontech,Kirontech
Next Up,Next Up
Sciopay,Sciopay
Seccl,Seccl
Your Cvvideo,Your Cvvideo
Zapnito,Zapnito
Webparking,Webparking
Roamsys,Roamsys
Hyperfox,Hyperfox
Objective,Objective
WASLET sa-nv,Waslet
Mobile Viewpoint,Mobile Viewpoint
Code24,Code24
Teleknowledge,Teleknowledge
Visma,Visma
UpMarket,UpMarket
Salto Identity,Salto Identity
Quyntess,Quyntess
Autralis,Autralis
Interactive Studios,Interactive Studios
3wt Ict,3wt Ict
CoVince,CoVince
Faster Forward,Faster Forward
BCS Epowerhr,BCS Epowerhr
VIPS PMS,VIPS PMS
Jemmic,Jemmic
Kinesense,Kinesense
Floyd & Hamilton,Floyd & Hamilton
Qube,Qube
Asista,Asista
BarTrack,BarTrack
It's Us,It's Us
iCONX,iCONX
GoMeddo,GoMeddo
Telecom-IT Group,Telecom IT
Field Buddy,Field Buddy
supRmen,supRmen
eFertility,eFertility
4 Business Soft,4 Business Soft
Jobport,Jobport
Malta Belgium,Care Solutions
Afriwise,Afriwise
Planbition,Planbition
Factif,Factif
Freepack,Freepack
Blanco,Blanco
Prepr CMS,Prepr CMS
iBeauty,iBeauty
Arteia,Arteia
Convious,Convious
Galvia,Galvia
Holifresh,Holifresh
Jobtoolz,Jobtoolz
Ovinto,Ovinto
Iristick,Iristick
Plenion,Plenion
Self Guide,Self Guide
tjecco,Tjecco
Satoris International,Satoris
Seamly,Seamly
Curiosity,Curiosity
Continuous,Continuous
Vaigo,Vaigo
Ellipsis Drive,Ellipsis Drive
Plan3D by Vansteelandt,Plan3D
TasteIndex.com,Taste Index
Dynamic,Dynamic
Exsell,Exsell
Brief Builder,Brief Builder
Twenty-five Eight,Twenty-five Eight
Ubeeo,Ubeeo
Agro IT,Agro IT
Codepak,Codepak
Computd,Computd
Setle,Setle
Camping,Camping
Fruitful,Fruitful
Servilocker,Servilocker
WIS,WIS
Essensium,Essensium
Luna,Luna
Deeploy,Deeploy
Qlink,Qlink
Orion Intelligence,Orion Intelligence
Join Seven,Join Seven
Freedelity,Freedelity
Florbs,Florbs
Heta,Heta
Bloxs,Bloxs
StreamLadder,Stream Ladder
Asora,Asora
Fiducial,Fiducial
Advisor,Advisor
Vinacles,Vinacles
OPTECS B.V,Optecs
Flashgroup,Flashgroup
Hawking Health,Hawking Health
Nexler,Nexler
Modeliks,Modeliks
Barter,Barter
Engaige,Engaige
HousApp,HousApp
Spotable,Spotable
Lucrasoft ICT,Lucrasoft ICT
Code for Good,Code For Good
COLANAR,Colanar
Comi Polaris,Comi Polaris
Sanisure,Sanisure
Spokane Stainless,Spokane Stainless
Tri-Star,Tri-Star
Alpinasana AG,Alpinasana
Ergonomic Solutions,Ergonomic
GoFact,Go Fact
Kinematica AG,Kinematica
GIMA,Gima
F2A,F2A
FUTEK,Futek
GEORGIN,Georgin
Electroswitch,Electroswitch
H2scan,H2scan
COMEX.SAS,COMEX
HPS,HPS
Dunham-Bush USA,Dunham-Bush
Harris & Bruno International,Harris & Bruno
Coto Technology,Coto Technology
Double E Group,Double E
Costex Tractor Parts,Costex
Fabcon,Fabcon
HMFT,HMFT
Grayson Thermal,Grayson
Schilling Marking,Schilling Marking
Stephan Schaumstoffe,Stephan Schaumstoffe
Figaro USA,Figaro
Mateligent iDEAS,Mateligent iDEAS
POSIFA,Posifa
Toborlife AI,Toborlife
Zepsor,Zepsor
Tehag,Tehag
Clicktouch,Clicktouch
TetraVision,Tetra Vision
AB Scientific,AB Scientific
Onsentia,Onsentia
Clenergy EV,Clenergy EV
Grath,Grath
Lab 1,Lab 1
KAI,KAI
Ecliptic,Ecliptic
Leo Reg Tech,Leo Reg Tech
Broad Shield,Broad Shield
CentralPay,CentralPay
DeepReach,DeepReach
Evermaps,Evermaps
Controlant,Controlant
Gifty,Gifty
Five Go Live,Five Go Live
Askporter,Askporter
Huggg,Huggg
New Change FX,New Change FX
Mapway,Mapway
Direct Affinity,Direct Affinity
Cybake Bakery,Cybake Bakery
Kular,Kular
Localistico,Localistico
Macai Projects,Macai Projects
Logic Melon,Logic Melon
Finfocus Instruments Oy,Finfocus Instruments
Brainial,Brainial
Co Comply,Co Comply
Data Transmission,Data Transmission
Empower RD,Empower RD
Exactly.com,Exactly
From Counsel,From Counsel
Neuer Energy,Neuer Energy
Paymentsave,Paymentsave
Substance,Substance
Syzygy,Syzygy
Pemac,Pemac
Procurios,Procurios
Blue Billywig,Blue Billywig
Emergo,Emergo Systems
Iprox,Iprox
Taktik,Taktik
Adecon,Adecon
Qollabi,Qollabi
Keemotion,Keemotion
Softhouse,Softhouse
a&m impact,a&m impact
Yesplan,Yesplan
Findwhere,Findwhere
Centillien,Centillien
Cnext,Cnext
Transport Care,Transport Care
9 Knots,9 Knots
ICN Solutions B.V,ICN Solutions
HAL24K,HAL24K
Agnicio,Agnicio
Uffective,Uffective
Open Remote,Open Remote
24baby,24baby
Textmetrics,Textmetrics
Resolume,Resolume
Aguilonius,Aguilonius
Idweaver,Idweaver
DK,DK
Evers Kassasystemen,Evers Kassasystemen
Convergent,Convergent
Aiir Innovations,Aiir Innovations
Triply,Triply
Coddin,Coddin
Firefly,Firefly
Advise,Advise
20face,20face
Notarisdossier,Notarisdossier
Resolve,Resolve
Parkd,Parkd
Bloqhouse,Bloqhouse
Imagem,Imagem
21south,21south
Masters In Process,Masters In Process
I4-YOU,I4-YOU
Mobian,Mobian
I-Pulses,I-Pulses
Conxillium,Conxillium
Reuzado ICT,Reuzado ICT
Tender App,Tender App
Hiber,Hiber
YourBI,YourBI
CLZ,CLZ
Decoloop,Decoloop
Medispring,Medispring
Mercator ERP,Mercator ERP
Trendtracker,Trendtracker
Sitedish,Sitedish
Adapta,Adapta
Appreo,Appreo
Brookhuis,Brookhuis
DSG,DSG
Vlegel Tech,Vlegel Tech
Azolla,Azolla
HAMS Audiology,HAMS Audiology
Octobox,Octobox
Bakeronline,Bakeronline
Psohub,Psohub
Orca Group,Orca Group
Ceban Automation,Ceban Automation
Highbiza,Highbiza
Aquila,Aquila
Younited,Younited
Multidata IT,Multidata IT
Reuzenpanda,Reuzenpanda
BuddeeHR,BuddeeHR
Cubbie,Cubbie
Kwayga,Kwayga
Toshiba Tec,Toshiba Tec
Agromanager,Agromanager
Money Mate,Money Mate
Emma Legal,Emma Legal
Homerun,Homerun
Syscom,Syscom
Thunderstock,Thunderstock
Discai,Discai
Olyslager,Olyslager
Blyott,Blyott
Coperitas,Coperitas
Cirqll,Cirqll
Organica,Organica
Eazier,Eazier
Verify,Verify
Wellcom Health,Wellcom Health
Tenpu,Tenpu
Fidds,Fidds
Lang Watch,Lang Watch
MarvelX,MarvelX
Nxt Phase,Nxt Phase
IP Nexia,IP Nexia
Oapen Foundation,Oapen Foundation
Health+Commerce,Health+Commerce
ConeCraft,Cone Craft
FabOhio,Fab Ohio
G-CON Manufacturing,G-CON Manufacturing
RheaVita,Rhea Vita
SteraMist,Tomi
Systec & Solutions Group,Systec
Tezalon Biotech,Tezalon Biotech
cora technology solutions AG,Cora Tech
Health-Comm GmbH Software fÃ¼r das Gesundheitswesen,Health-Comm
Peter Jones ILG,Peter Jones
PRO.display,PRO Display
Flanders Make V.z.w,Flanders Make
CardioFocus,Cardio Focus
Imricor,Imricor
Myochron,Myochron
Extol,Extol
Geophysical Survey,Geophysical Survey
HANNECARD,Hannecard
DIXI microtechniques,DIXI microtechniques
Hydro-Thermal,Hydro-thermal
ETT,ETT
FILAMATIC,Filamatic
DeZURIK,DeZURIK
Hydrogenics,Hydrogenics
Fathom Digital Manufacturing,Fathom
Fireye,Fireye
FPS Food Process Solutions,FPS
Dill Air Controls Products,Dill Air Controls
Crane Engineering,Crane Engineering
Crane Merchandising,Crane Merchandising
General Die Casters,General Die
OneTutor,One Tutor
MEDIPACK AG,Medipack
Nijdra Group BV,Nijdra
QT9,QT9
ProContur,Pro Contur
Neuranics,Neuranics
Anord Mardix,Anord Mardix
Rentaload,Rentaload
Intoware,Intoware
Conker,Conker
Corerfid,Corerfid
map16,map16
Inter Invest,Inter Invest
GeoDirectory,GeoDirectory
Content Ignite,Content Ignite
Aluma,Aluma
Kappture,Kappture
Definition Health,Definition Health
Aquarius,Aquarius
Marquee,Marquee
Message Matrix,Message Matrix
Afoodi,Afoodi
eQualog,eQualog
MISTER BOOKING,Mister Booking
Owl Labs,Owl Labs
Pantamera,Pantamera
Axxemble,Axxemble
Decapac nv,Decapac
Het Packhuys,Het Packhuys
Direct Traffic,Direct Traffic
Eligible,Eligible
Essential Travel,Essential Travel
Microtill Epos,Microtill Epos
Moonstar,Moonstar
Perivan,Perivan
Rvvup,Rvvup
Stream Loyalty,Stream Loyalty
Tailr,Tailr
Teamed,Teamed
Voucher Cart,Voucher Cart
Wilder Sensing,Wilder Sensing
Compano,Compano
Effect,Effect
Elsyca,Elsyca
Scale-up,Scale-up
Eirpoint,Eirpoint
Swydo,Swydo
Onetrail,Onetrail
Full Health Medical,Full Health Medical
Tracs,Tracs
PEPITe,Pepite
Easy Data,Easy Data
ENK,ENK
Rietveld,Rietveld
Atmire,Atmire
Prime Contact,Prime Contact
Spotmaster,Spotmaster
Relay42 by Supermetrics,Relay42
Trinergy,Trinergy
Consolit,Consolit
The Patient Safety Company,The Patient Safety
Ricoh,Ricoh
Dharma,Dharma
Geostruct,Geostruct
Metaware,Metaware
Comrads,Comrads
TANS,TANS
Ximmio BV,Ximmio
Energiemissie,Energiemissie
Beurtvaartadres,Beurtvaartadres
Unified Streaming,Unified Streaming
Axonista,Axonista
Imageplus,Imageplus
VOIPZeker,VoipZeker
Advanco,Advanco
Go Contractor,Go Contractor
International Soft,International Soft
Ardis,Ardis
Carfac,Carfac
Enervalis,Enervalis
DongIT,DongIT
Map Gear,Map Gear
WideTech,Wide Tech
Webtify,Webtify
Transpoco,Transpoco
xCore,xCore
Avaeon,Avaeon
Iso2handle,Iso2handle
Snitcher,Snitcher
Engage Process,Engage Process
Converge,Converge
Basesite,Basesite
StartMail,Start Mail
Advitronics Telecom,Advitronics Telecom
PlanetVerify,Planet Verify
Shipit Smarter,Shipit Smarter
Pliant Offshore,Pliant Offshore
Datanext,Datanext
Derilinx,Derilinx
Hiromicro,Hiromicro
ResalePartners,Resale Partners
Itzos,Itzos
Influentials,Influentials
Etim,Etim
Bounce Insights,Bounce Insights
Equias,Equias
Bryder,Bryder
Lodder,Lodder
Sweepr,Sweepr
Credit Logic,Credit Logic
MyCSN,MyCSN
Hooray HR,Hooray HR
Linq5,Linq5
Rovecom,Rovecom
Ibisa,Ibisa
Guest Compass,Guest Compass
Geo Fluxus,Geo Fluxus
Byner,Byner
Ironclic,Ironclic
Big Mile,Big Mile
Blits,Blits
Minggo,Minggo
CAC,CAC
CCV Shop,CCV Shop
Webatvantage,Webatvantage
Ternair,Ternair
Gamma AR,Gamma AR
Macomi,Macomi
Intermodal Telematics,Intermodal Telematics
Springleaf Automation,Springleaf Automation
Toqua,Toqua
Sides,Sides
Klien IT,Klien IT
Sibi,Sibi
Toogethr,Toogethr
Axon Jay,Axon Jay
ClimateCamp,Climate Camp
OpenICT,OpenICT
Lucend,Lucend
HomeZero,Home Zero
Flow Analytics,Flow Analytics
WinCar Automotive ICT Solutions,WinCar
talentguide,Talentguide
RetailMedia.One,RetailMedia One
MedWrite,MedWrite
OpenHealth,Open Health
Legal Mind,Legal Mind
Spadework,Spadework
Toppi,Toppi
3point,3point
EverESSt,EverESSt
TIMEBLOCKR,Timeblockr
Allegheny Bradford,Allegheny Bradford
Hitec Power Protection,HITEC
Jung Gummitechnik,Jung Gummitechnik
QiOVA,QiOVA
triosys,Triosys
VitalSigns Oy,Vital Signs
Avery Berkel,Avery Berkel
Solidaris NVSM-UNMS,Solidaris
EBR,EBR
Inspire Medical,Inspire Medical
WearLinq,Wear Linq
Evolution Motion Solutions,Evolution Motion
GRAYHILL,Grayhill
Hansen,Hansen
DMN-WESTINGHOUSE,DMN-Westinghouse
DEUTZ,Deutz
Emerald Transformer,Emerald Transformer
ePropelled,ePropelled
Conveyors,Conveyors
Gullco International,Gullco
GS Global Resources,Gs Global Resources
Custom Pipe & Fabrication,Custom Pipe
Dieseko Group,Dieseko
Hydronic,Hydronic
Definox Group,Definox
Horsburgh & Scott,Horsburgh & Scott
Hotstart Thermal Management,Hotstart
GÃ¼ralp,Gueralp
Hayes Pump,Hayes Pump
Hydroscand UK,Hydroscand UK
HHV,HHV
First,First
Hydro International,Hydro International
FIB,FIB
EVAPAR,Evapar
SZENARIS,Szenaris
Dojo Five,Dojo Five
Energous,Energous
Mensor,Mensor
Orthogone,Orthogone
Sciosense BV,Sciosense
Gindre Group,Gindre
Mater-AI,Mater
My Mobile Workers,My Mobile Workers
Amphora,Amphora
Applied Cytometry,Applied Cytometry
Isograph,Isograph
Kiroku,Kiroku
Charisma,Charisma
Knave,Knave
Kwick Screen,Kwick Screen
Brawn,Brawn
Currensea,Currensea
Cygnetise,Cygnetise
Equiduct,Equiduct
Ad Signal,Ad Signal
Count,Count
Locale,Locale
Keepthinking,Keepthinking
Line Up,Line Up